-- MySQL dump 10.13  Distrib 5.1.55, for unknown-linux-gnu (x86_64)
--
-- Host: ec2-107-20-202-28.compute-1.amazonaws.com    Database: Smurf
-- ------------------------------------------------------
-- Server version	5.1.55-community

/*!40101 SET @OLD_CHARACTER_SET_CLIENT=@@CHARACTER_SET_CLIENT */;
/*!40101 SET @OLD_CHARACTER_SET_RESULTS=@@CHARACTER_SET_RESULTS */;
/*!40101 SET @OLD_COLLATION_CONNECTION=@@COLLATION_CONNECTION */;
/*!40101 SET NAMES utf8 */;
/*!40103 SET @OLD_TIME_ZONE=@@TIME_ZONE */;
/*!40103 SET TIME_ZONE='+00:00' */;
/*!40014 SET @OLD_UNIQUE_CHECKS=@@UNIQUE_CHECKS, UNIQUE_CHECKS=0 */;
/*!40014 SET @OLD_FOREIGN_KEY_CHECKS=@@FOREIGN_KEY_CHECKS, FOREIGN_KEY_CHECKS=0 */;
/*!40101 SET @OLD_SQL_MODE=@@SQL_MODE, SQL_MODE='NO_AUTO_VALUE_ON_ZERO' */;
/*!40111 SET @OLD_SQL_NOTES=@@SQL_NOTES, SQL_NOTES=0 */;

--
-- Table structure for table `Company`
--

DROP TABLE IF EXISTS `Company`;
/*!40101 SET @saved_cs_client     = @@character_set_client */;
/*!40101 SET character_set_client = utf8 */;
CREATE TABLE `Company` (
  `company_id_seq` int(11) NOT NULL AUTO_INCREMENT,
  `name` varchar(100) DEFAULT NULL,
  `contact` varchar(100) DEFAULT NULL,
  `address` varchar(100) DEFAULT NULL,
  `city` varchar(100) DEFAULT NULL,
  `state` varchar(100) DEFAULT NULL,
  `zip` varchar(100) DEFAULT NULL,
  `phone_number` varchar(100) DEFAULT NULL,
  `datetime_created` datetime DEFAULT NULL,
  `datetime_modified` datetime DEFAULT NULL,
  PRIMARY KEY (`company_id_seq`)
) ENGINE=MyISAM AUTO_INCREMENT=14 DEFAULT CHARSET=latin1;
/*!40101 SET character_set_client = @saved_cs_client */;

--
-- Dumping data for table `Company`
--

LOCK TABLES `Company` WRITE;
/*!40000 ALTER TABLE `Company` DISABLE KEYS */;
INSERT INTO `Company` VALUES (13,'Rural Tel','Dustin Juenemann',NULL,'Lenora','KS.',NULL,'785-567-3062','2010-02-17 00:00:00','2010-02-17 00:00:00'),(12,'United Mutual Telephone','Joe Miller','411 7th Ave.','Langdon','ND','58249','701-256-5156','2010-02-17 00:00:00','2010-02-17 00:00:00'),(7,'Cox Communications, Inc','Marcel Schlapfer','10540 Duke Drive','Alpharetta','GA','30009','404-269-7321 ','2010-01-20 00:00:00','2010-01-20 00:00:00'),(8,'Cox Communciations, Inc','Ron Figueroa','901 George Washington Blvd.','Wichita','KS','67211','316-303-5438','2010-01-20 00:00:00','2010-01-20 00:00:00'),(9,'Rural Tel','Dustin Juenemann',NULL,'Lenora','KS.',NULL,'785-567-3062','2010-01-20 00:00:00','2010-01-20 00:00:00'),(10,'Verizon','Bob Williams','548 Elmwood Ave','Buffalo','NY','14222','716-883-2340','2010-01-20 00:00:00','2010-01-20 00:00:00'),(11,'Verizon','Alex Ahn',' 210 Pine St,Harrisburg,PA,17101,USA,  ','Harrisburg','PA','17101','717-777-8507','2010-01-20 00:00:00','2010-01-20 00:00:00');
/*!40000 ALTER TABLE `Company` ENABLE KEYS */;
UNLOCK TABLES;

--
-- Table structure for table `Users`
--

DROP TABLE IF EXISTS `Users`;
/*!40101 SET @saved_cs_client     = @@character_set_client */;
/*!40101 SET character_set_client = utf8 */;
CREATE TABLE `Users` (
  `user_id_seq` int(11) NOT NULL AUTO_INCREMENT,
  `name` varchar(100) DEFAULT NULL,
  `username` varchar(100) DEFAULT NULL,
  `password` varchar(100) DEFAULT NULL,
  `datetime_created` datetime DEFAULT NULL,
  `datetime_modified` datetime DEFAULT NULL,
  PRIMARY KEY (`user_id_seq`)
) ENGINE=MyISAM AUTO_INCREMENT=5 DEFAULT CHARSET=latin1;
/*!40101 SET character_set_client = @saved_cs_client */;

--
-- Dumping data for table `Users`
--

LOCK TABLES `Users` WRITE;
/*!40000 ALTER TABLE `Users` DISABLE KEYS */;
INSERT INTO `Users` VALUES (1,'gkan','gkan','5f78fdf11512f09ef919cb60b0fbe799','2009-11-02 23:53:30','2009-11-02 23:53:30'),(2,'sbav','sbav','5f78fdf11512f09ef919cb60b0fbe799','2009-11-17 18:39:55','2009-11-17 18:39:55'),(4,'spencer','spencer','62b9445ccdf56196050ee99be5949420','2010-01-20 22:47:01','2010-01-20 22:47:01');
/*!40000 ALTER TABLE `Users` ENABLE KEYS */;
UNLOCK TABLES;

--
-- Table structure for table `arbitrary_page`
--

DROP TABLE IF EXISTS `arbitrary_page`;
/*!40101 SET @saved_cs_client     = @@character_set_client */;
/*!40101 SET character_set_client = utf8 */;
CREATE TABLE `arbitrary_page` (
  `arbitrary_page_id_seq` int(11) NOT NULL AUTO_INCREMENT,
  `user_id_seq` int(11) DEFAULT NULL,
  `event_id_seq` int(11) DEFAULT NULL,
  `name` varchar(256) DEFAULT NULL,
  `description` text,
  `datetime_created` datetime DEFAULT NULL,
  `datetime_modified` datetime DEFAULT NULL,
  PRIMARY KEY (`arbitrary_page_id_seq`)
) ENGINE=MyISAM AUTO_INCREMENT=344 DEFAULT CHARSET=latin1;
/*!40101 SET character_set_client = @saved_cs_client */;

--
-- Dumping data for table `arbitrary_page`
--

LOCK TABLES `arbitrary_page` WRITE;
/*!40000 ALTER TABLE `arbitrary_page` DISABLE KEYS */;
INSERT INTO `arbitrary_page` VALUES (4,1,14,'Family','Starting to look pretty real, isn\'t it? That rumored X10 Mini Pro replacement seems to be gallivanting about in China again; this time it\'s not turned on, but the point is that it\'s out there and certainly doesn\'t seem knockoff-y to be a fake. \r\n\r\nFor what it\'s worth, the original X10 Mini series has been one of the few relatively bright points in Sony Ericsson\'s Android lineup thus far, so we\'re pretty stoked to see that they appear to be taking another shot at the diminutive form factor -- let\'s just hope those wild GPU results we saw last time hold up by the time it\'s at retail.\r\n\r\nGeez, it\'s been a long weekend of almost incessant Galaxy Tab II teasing, but the time has come: Samsung\'s finally releasing the official details of its 10.1-inch, Android Honeycomb tablet to the world. Contrary to the leaks, the tablet is called the Galaxy Tab 10.1','2011-01-19 21:24:35','2011-02-14 23:45:21'),(3,1,14,'About Us','President Obama has signaled that he will give the United States Commerce Department the authority over a proposed national cybersecurity measure that would involve giving each American a unique online identity. Other candidates mentioned previously to head up the new system have included the NSA and the Department of Homeland Security, but the announcement that the Commerce Department will take the job should please groups that have raised concerns over security agencies doing double duty in police and intelligence work. So anyway, what about this unique ID we\'ll all be getting? Well, though details are still pretty scant, U.S. Commerce Secretary Gary Locke, speaking at an event at the Stanford Institute, stressed that the new system would not be akin to a national ID card, or a government controlled system, but that it would enhance security and reduce the need for people to memorize dozens of passwords online. Sorry, Locke, sounds like a national ID system to us. Anyway, the Obama administration is currently drafting what it\'s dubbed the National Strategy for Trusted Identities in Cyberspace, which is expected at the Department of Commerce in a few months. We\'ll keep you posted if anything terrifying or cool happens.\r\n','2011-01-19 21:24:25','2011-01-22 03:13:33'),(5,1,15,'Our Story','Here are our storys togethere....ahdhdhdhdhdhde','2011-01-21 21:33:52','2011-01-21 21:33:52'),(6,566708666,20,'About Us','Timothy and Janice \r\nand \r\nJonathan \r\ninvite you to the ceremony that \r\nwill make them \r\nbrothers and sisters as \r\ntheir parents \r\nDebbie Nantucker \r\nand \r\nMarcus Witherall \r\nunite as one in marriage \r\non Saturday, the first of March \r\nat ten o\'clock in the morning \r\ntwo thousand fourteen \r\nWorld Christian Church \r\n101 North Boulevard \r\nTopeka, Kansas \r\n\r\nReception immediately following the ceremony','2011-03-21 20:55:42','2011-03-24 19:13:55'),(7,566708666,20,'Family','Jan Livingston\r\nSerena Thomas \r\nDan Thomas \r\nrequest the honour of your \r\npresence \r\nat the marriage of their parents \r\nSusan F. Leathers \r\nand \r\nMitchell R. Thomas \r\non Saturday, the seventeenth day \r\nof May \r\ntwo thousand fourteen \r\nat eleven o\'clock in the morning \r\nat Wood Falls Club \r\n12 Woodtree Lane \r\nWood Falls, Indiana\r\n\r\nLisa Valerie Governs \r\nand \r\nTodd L. Sanders \r\nrequest the honor of your \r\npresence \r\nat their marriage \r\non May twenty-fourth \r\ntwo thousand fourteen \r\nat five o\'clock in the afternoon \r\n5785 Cypress Drive \r\nCypress, Kansas','2011-03-21 20:55:42','2011-03-24 19:13:59'),(8,573228966,21,'About Us',NULL,'2011-03-23 02:05:57','2011-03-23 02:05:57'),(9,573228966,21,'Family',NULL,'2011-03-23 02:05:57','2011-03-23 02:05:57'),(10,566708666,22,'About Us',NULL,'2011-03-24 01:43:13','2011-03-24 01:43:13'),(11,566708666,22,'Family',NULL,'2011-03-24 01:43:13','2011-03-24 01:43:13'),(12,566708666,23,'About Us',NULL,'2011-03-24 01:43:25','2011-03-24 01:43:25'),(13,566708666,23,'Family',NULL,'2011-03-24 01:43:25','2011-03-24 01:43:25'),(14,573228966,24,'About Us',NULL,'2011-03-24 01:59:13','2011-03-24 01:59:13'),(15,573228966,24,'Family',NULL,'2011-03-24 01:59:13','2011-03-24 01:59:13'),(16,566708666,25,'About Us',NULL,'2011-03-28 01:56:03','2011-03-28 01:56:03'),(17,566708666,25,'Family',NULL,'2011-03-28 01:56:03','2011-03-28 01:56:03'),(18,566708666,26,'About Us',NULL,'2011-03-28 02:05:09','2011-03-28 02:05:09'),(19,566708666,26,'Family',NULL,'2011-03-28 02:05:09','2011-03-28 02:05:09'),(20,566708666,27,'About Us','How we met+-+-+-+-+-+-Some might say it was Destiny. Others would say her perfume danced it\'s way on the breeze to me. She was walking ahead of me on her way to lunch. There was a strong breeze as she rounded a corner and it made a client folder that she was holding fly away. Her provocative scent said hello to me first and I noticed beautiful woman who was trying to chase after pieces of paper in 4\" heels. I was able to catch the last page for her as she walked up to me. I smelled that sweet inviting scent again and had to return the greeting. I told that I was very fond of her perfume and that for being her hero she owed me a cup of coffee. Since then we seldom have left each others side.+-+-+-+-+-+-One weird fact+-+-+-+-+-+-We both broke our left arms trying to skateboard as children.+-+-+-+-+-+-Our Favorite Activity+-+-+-+-+-+-Hiking the joy of having your best friend with you as you work up a respectable sweat. As you come up to the top of the ridge and look out at the ocean and see endless possibility and look over and see each other you get reaffirmation that anything is possible+-+-+-+-+-+-Something we would like to share+-+-+-+-+-+-We have the best, families, friends, and dogs in the world. You guys ROCK!','2011-03-28 02:28:17','2011-09-19 23:17:20'),(21,566708666,27,'Family','Smiths+-+-+-+-+-+-The smith family is Welch and came to the his country in the early 1700s. After the Revolutionary War, they migrated westward into Ohio and them up to Indiana. In the early 1900s the family moved to San Francisco, California.+-+-+-+-+-+-Monroe+-+-+-+-+-+-Love my family with my hold heart.  My family is Joy to love!','2011-03-28 02:28:17','2011-10-02 20:12:46'),(22,573228966,28,'About Us','How we met+-+-+-+-+-+-Answer+-+-+-+-+-+-One weird fact+-+-+-+-+-+-Answer+-+-+-+-+-+-Our favoriate Activity+-+-+-+-+-+-Answer+-+-+-+-+-+-Something we would like to share+-+-+-+-+-+-Answer','2011-04-02 02:15:58','2011-04-02 02:24:56'),(23,573228966,28,'Family','Family 1s Name+-+-+-+-+-+-Family 1s blurb+-+-+-+-+-+-Family 2s Name+-+-+-+-+-+-Family 2s blurb+-+-+-+-+-+-','2011-04-02 02:15:58','2011-04-02 02:25:01'),(24,1772633097,29,'About Us','How we met+-+-+-+-+-+-Answer+-+-+-+-+-+-One weird fact+-+-+-+-+-+-Answer+-+-+-+-+-+-Our favoriate Activity+-+-+-+-+-+-Answer+-+-+-+-+-+-Something we would like to share+-+-+-+-+-+-Answer','2011-04-02 21:34:43','2011-04-02 21:34:52'),(25,1772633097,29,'Family','Family 1s Name+-+-+-+-+-+-Family 1s blurb+-+-+-+-+-+-Family 2s Name+-+-+-+-+-+-Family 2s blurb+-+-+-+-+-+-','2011-04-02 21:34:43','2011-04-02 21:35:00'),(26,573228966,30,'About Us','How we met stuff+-+-+-+-+-+-This is my other thing +-+-+-+-+-+-we both ate ribs+-+-+-+-+-+-and we liked them+-+-+-+-+-+-Our favoriate Activity+-+-+-+-+-+-Answer+-+-+-+-+-+-Something we would like to share+-+-+-+-+-+-Answer','2011-04-06 00:30:48','2011-04-06 00:32:15'),(27,573228966,30,'Family','Family 1s Name+-+-+-+-+-+-Family 1s blurb+-+-+-+-+-+-Family 2s Name+-+-+-+-+-+-Family 2s blurb+-+-+-+-+-+-','2011-04-06 00:30:48','2011-04-06 00:32:21'),(28,573228966,31,'About Us','How we met+-+-+-+-+-+-Answer+-+-+-+-+-+-One weird fact+-+-+-+-+-+-Answer+-+-+-+-+-+-Our favoriate Activity+-+-+-+-+-+-Answer+-+-+-+-+-+-Something we would like to share+-+-+-+-+-+-Answer','2011-04-06 02:32:12','2011-04-06 02:32:12'),(29,573228966,31,'Family','Family 1s Name+-+-+-+-+-+-Family 1s blurb+-+-+-+-+-+-Family 2s Name+-+-+-+-+-+-Family 2s blurb','2011-04-06 02:32:12','2011-04-06 02:32:12'),(30,566708666,32,'About Us','How we met+-+-+-+-+-+-Answer does it work? And something BBC+-+-+-+-+-+-One weird fact+-+-+-+-+-+-Answer+-+-+-+-+-+-Our favoriate Activity+-+-+-+-+-+-Answer+-+-+-+-+-+-Something we would like to share+-+-+-+-+-+-Answer','2011-04-21 00:08:04','2011-10-16 20:53:22'),(31,566708666,32,'Family','Family 1s Name+-+-+-+-+-+-Family 1s blurb yeah yeahyeahhjjjjkggg+-+-+-+-+-+-Family 2s Namebbh+-+-+-+-+-+-Family 2s blurbjkjj....puke ','2011-04-21 00:08:04','2011-10-13 22:44:33'),(32,566708666,33,'About Us','How we met+-+-+-+-+-+-Answer+-+-+-+-+-+-One weird fact+-+-+-+-+-+-Answer+-+-+-+-+-+-Our favoriate Activity+-+-+-+-+-+-Answer+-+-+-+-+-+-Something we would like to share+-+-+-+-+-+-Answer','2011-04-21 00:32:52','2011-04-21 00:32:52'),(33,566708666,33,'Family','Family 1s Name+-+-+-+-+-+-Family 1s blurb+-+-+-+-+-+-Family 2s Name+-+-+-+-+-+-Family 2s blurb','2011-04-21 00:32:52','2011-04-21 00:32:52'),(34,566708666,34,'About Us','How we met+-+-+-+-+-+-Answer+-+-+-+-+-+-One weird fact+-+-+-+-+-+-Answer+-+-+-+-+-+-Our favoriate Activity+-+-+-+-+-+-Answer+-+-+-+-+-+-Something we would like to share+-+-+-+-+-+-Answer','2011-04-21 00:39:50','2011-04-21 00:39:50'),(35,566708666,34,'Family','Family 1s Name+-+-+-+-+-+-Family 1s blurb+-+-+-+-+-+-Family 2s Name+-+-+-+-+-+-Family 2s blurb','2011-04-21 00:39:50','2011-04-21 00:39:50'),(36,566708666,35,'About Us','How we met+-+-+-+-+-+-Answer+-+-+-+-+-+-One weird fact+-+-+-+-+-+-Answer+-+-+-+-+-+-Our favoriate Activity+-+-+-+-+-+-Answer+-+-+-+-+-+-Something we would like to share+-+-+-+-+-+-Answer','2011-04-21 00:39:59','2011-04-21 00:39:59'),(37,566708666,35,'Family','Family 1s Name+-+-+-+-+-+-Family 1s blurb+-+-+-+-+-+-Family 2s Name+-+-+-+-+-+-Family 2s blurb','2011-04-21 00:39:59','2011-04-21 00:39:59'),(38,566708666,36,'About Us','How we met+-+-+-+-+-+-Answer+-+-+-+-+-+-One weird fact+-+-+-+-+-+-Answer+-+-+-+-+-+-Our favoriate Activity+-+-+-+-+-+-Answer+-+-+-+-+-+-Something we would like to share+-+-+-+-+-+-Answer','2011-04-21 00:40:09','2011-04-21 00:40:09'),(39,566708666,36,'Family','Family 1s Name+-+-+-+-+-+-Family 1s blurb+-+-+-+-+-+-Family 2s Name+-+-+-+-+-+-Family 2s blurb','2011-04-21 00:40:09','2011-04-21 00:40:09'),(66,7303784,50,'About Us','How we met+-+-+-+-+-+-Answer+-+-+-+-+-+-One weird fact+-+-+-+-+-+-Answer+-+-+-+-+-+-Our favoriate Activity+-+-+-+-+-+-Answer+-+-+-+-+-+-Something we would like to share+-+-+-+-+-+-Answer','2011-09-07 12:55:36','2011-09-07 12:55:36'),(67,7303784,50,'Family','Family 1s Name+-+-+-+-+-+-Family 1s blurb+-+-+-+-+-+-Family 2s Name+-+-+-+-+-+-Family 2s blurb','2011-09-07 12:55:36','2011-09-07 12:55:36'),(59,566708666,46,'Family','Family 1s Name+-+-+-+-+-+-Family 1s blurb+-+-+-+-+-+-Family 2s Name+-+-+-+-+-+-Family 2s blurb','2011-08-26 17:55:59','2011-08-26 17:55:59'),(60,566708666,47,'About Us','How we met+-+-+-+-+-+-Answer+-+-+-+-+-+-One weird fact+-+-+-+-+-+-Answer+-+-+-+-+-+-Our favoriate Activity+-+-+-+-+-+-Answer+-+-+-+-+-+-Something we would like to share+-+-+-+-+-+-Answer','2011-08-26 17:56:56','2011-08-26 17:56:56'),(40,566708666,37,'About Us','How we met+-+-+-+-+-+-Answer+-+-+-+-+-+-One weird fact+-+-+-+-+-+-Answer+-+-+-+-+-+-Our favoriate Activity+-+-+-+-+-+-Answer+-+-+-+-+-+-Something we would like to share+-+-+-+-+-+-Answer','2011-07-25 18:58:00','2011-07-25 18:58:00'),(41,566708666,37,'Family','Family 1s Name+-+-+-+-+-+-Family 1s blurb+-+-+-+-+-+-Family 2s Name+-+-+-+-+-+-Family 2s blurb','2011-07-25 18:58:00','2011-07-25 18:58:00'),(58,566708666,46,'About Us','How we met+-+-+-+-+-+-Answer+-+-+-+-+-+-One weird fact+-+-+-+-+-+-Answer+-+-+-+-+-+-Our favoriate Activity+-+-+-+-+-+-Answer+-+-+-+-+-+-Something we would like to share+-+-+-+-+-+-Answer','2011-08-26 17:55:59','2011-08-26 17:55:59'),(42,3420169,38,'About Us','How we met+-+-+-+-+-+-Answer+-+-+-+-+-+-One weird fact+-+-+-+-+-+-Answer+-+-+-+-+-+-Our favoriate Activity+-+-+-+-+-+-Answer+-+-+-+-+-+-Something we would like to share+-+-+-+-+-+-Answer','2011-08-22 18:08:40','2011-08-22 18:08:40'),(43,3420169,38,'Family','Family 1s Name+-+-+-+-+-+-Family 1s blurb+-+-+-+-+-+-Family 2s Name+-+-+-+-+-+-Family 2s blurb','2011-08-22 18:08:40','2011-08-22 18:08:40'),(44,502459737,39,'About Us','How we met+-+-+-+-+-+-Answer through my friends+-+-+-+-+-+-One weird fact+-+-+-+-+-+-Answer I\'m crazy? +-+-+-+-+-+-Our favoriate Activity+-+-+-+-+-+-Answer eating+-+-+-+-+-+-Something we would like to share+-+-+-+-+-+-Answer I like to eat','2011-08-22 19:13:55','2011-08-22 19:17:30'),(45,502459737,39,'Family','Family 1s Name superman+-+-+-+-+-+-My family has been around for 100 generations +-+-+-+-+-+-Family 2s Name tester+-+-+-+-+-+-Family 2s tester ','2011-08-22 19:13:55','2011-08-22 19:19:27'),(46,502459737,40,'About Us','How we met+-+-+-+-+-+-Answer+-+-+-+-+-+-One weird fact+-+-+-+-+-+-Answer+-+-+-+-+-+-Our favoriate Activity+-+-+-+-+-+-Answer+-+-+-+-+-+-Something we would like to share+-+-+-+-+-+-Answer','2011-08-22 19:33:58','2011-08-22 19:33:58'),(47,502459737,40,'Family','Family 1s Name+-+-+-+-+-+-Family 1s blurb+-+-+-+-+-+-Family 2s Name+-+-+-+-+-+-Family 2s blurb','2011-08-22 19:33:58','2011-08-22 19:33:58'),(48,566708666,41,'About Us','How we met+-+-+-+-+-+-Answer+-+-+-+-+-+-One weird fact+-+-+-+-+-+-Answer+-+-+-+-+-+-Our favoriate Activity+-+-+-+-+-+-Answer+-+-+-+-+-+-Something we would like to share+-+-+-+-+-+-Answer','2011-08-22 19:35:06','2011-08-22 19:35:06'),(49,566708666,41,'Family','Family 1s Name+-+-+-+-+-+-Family 1s blurb+-+-+-+-+-+-Family 2s Name+-+-+-+-+-+-Family 2s blurb','2011-08-22 19:35:06','2011-08-22 19:35:06'),(50,502459737,42,'About Us','How we met+-+-+-+-+-+-Answer+-+-+-+-+-+-One weird fact+-+-+-+-+-+-Answer+-+-+-+-+-+-Our favoriate Activity+-+-+-+-+-+-Answer+-+-+-+-+-+-Something we would like to share+-+-+-+-+-+-Answer','2011-08-22 20:11:47','2011-08-22 20:11:47'),(51,502459737,42,'Family','Family 1s Name+-+-+-+-+-+-Family 1s blurb+-+-+-+-+-+-Family 2s Name+-+-+-+-+-+-Family 2s blurb','2011-08-22 20:11:47','2011-08-22 20:11:47'),(52,566708666,43,'About Us','How we met+-+-+-+-+-+-Answer+-+-+-+-+-+-One weird fact+-+-+-+-+-+-Answer+-+-+-+-+-+-Our favoriate Activity+-+-+-+-+-+-Answer+-+-+-+-+-+-Something we would like to share+-+-+-+-+-+-Answer','2011-08-23 12:45:39','2011-08-23 12:45:39'),(53,566708666,43,'Family','Family 1s Name+-+-+-+-+-+-Family 1s blurb+-+-+-+-+-+-Family 2s Name+-+-+-+-+-+-Family 2s blurb','2011-08-23 12:45:39','2011-08-23 12:45:39'),(54,566708666,44,'About Us','How we met+-+-+-+-+-+-Answer+-+-+-+-+-+-One weird fact+-+-+-+-+-+-Answer+-+-+-+-+-+-Our favoriate Activity+-+-+-+-+-+-Answer+-+-+-+-+-+-Something we would like to share+-+-+-+-+-+-Answer','2011-08-23 12:47:46','2011-08-23 12:47:46'),(55,566708666,44,'Family','Family 1s Name+-+-+-+-+-+-Family 1s blurb+-+-+-+-+-+-Family 2s Name+-+-+-+-+-+-Family 2s blurb','2011-08-23 12:47:46','2011-08-23 12:47:46'),(56,566708666,45,'About Us','How we met+-+-+-+-+-+-Who is this?+-+-+-+-+-+-One weird fact+-+-+-+-+-+-Answer+-+-+-+-+-+-Our favoriate Activity+-+-+-+-+-+-Answer+-+-+-+-+-+-Something we would like to share+-+-+-+-+-+-Answer','2011-08-23 15:13:57','2011-08-23 15:16:28'),(57,566708666,45,'Family','Family 1s Name+-+-+-+-+-+-Family 1s blurb+-+-+-+-+-+-Family 2s Name+-+-+-+-+-+-Family 2s blurb','2011-08-23 15:13:57','2011-08-23 15:13:57'),(61,566708666,47,'Family','Family 1s Name+-+-+-+-+-+-Family 1s blurb+-+-+-+-+-+-Family 2s Name+-+-+-+-+-+-Family 2s blurb','2011-08-26 17:56:56','2011-08-26 17:56:56'),(62,2147483647,48,'About Us','How we met+-+-+-+-+-+-Answer+-+-+-+-+-+-One weird fact+-+-+-+-+-+-Answer+-+-+-+-+-+-Our favoriate Activity+-+-+-+-+-+-Answer+-+-+-+-+-+-Something we would like to share+-+-+-+-+-+-Answer','2011-08-30 17:15:46','2011-08-30 17:15:46'),(63,2147483647,48,'Family','Family 1s Name+-+-+-+-+-+-Family 1s blurb+-+-+-+-+-+-Family 2s Name+-+-+-+-+-+-Family 2s blurb','2011-08-30 17:15:46','2011-08-30 17:15:46'),(64,1537999733,49,'About Us','How we met+-+-+-+-+-+-Answer+-+-+-+-+-+-One weird fact+-+-+-+-+-+-Answer+-+-+-+-+-+-Our favoriate Activity+-+-+-+-+-+-Answer+-+-+-+-+-+-Something we would like to share+-+-+-+-+-+-Answer','2011-08-31 10:23:39','2011-08-31 10:23:39'),(65,1537999733,49,'Family','Family 1s Name+-+-+-+-+-+-Family 1s blurb+-+-+-+-+-+-Family 2s Name+-+-+-+-+-+-Family 2s blurb','2011-08-31 10:23:39','2011-08-31 10:23:39'),(68,566708666,51,'About Us','How we met+-+-+-+-+-+-Answer+-+-+-+-+-+-One weird fact+-+-+-+-+-+-Answer+-+-+-+-+-+-Our favoriate Activity+-+-+-+-+-+-Answer+-+-+-+-+-+-Something we would like to share+-+-+-+-+-+-Answer','2011-09-09 02:38:46','2011-09-09 02:38:46'),(69,566708666,51,'Family','Family 1s Name+-+-+-+-+-+-Family 1s blurb+-+-+-+-+-+-Family 2s Name+-+-+-+-+-+-Family 2s blurb','2011-09-09 02:38:46','2011-09-09 02:38:46'),(70,502459737,52,'About Us','How we met+-+-+-+-+-+-Answer+-+-+-+-+-+-One weird fact+-+-+-+-+-+-Answer+-+-+-+-+-+-Our favoriate Activity+-+-+-+-+-+-Answer+-+-+-+-+-+-Something we would like to share+-+-+-+-+-+-Answer','2011-09-18 22:19:01','2011-09-18 22:19:01'),(71,502459737,52,'Family','Family 1s Name+-+-+-+-+-+-Family 1s blurb+-+-+-+-+-+-Family 2s Name+-+-+-+-+-+-Family 2s blurb','2011-09-18 22:19:01','2011-09-18 22:19:01'),(72,1559003661,53,'About Us','How we met+-+-+-+-+-+-We went to highschool together & eventually met @ a tanning salon (where he stole my # from my tanning info) lol (:+-+-+-+-+-+-Opposites attract?+-+-+-+-+-+-We couldn\'t be more opposite! But that\'s what draws us together! <3+-+-+-+-+-+-Our favorite activity+-+-+-+-+-+-Spending time with our baby girl - Lexi (:+-+-+-+-+-+-Something we would like to share+-+-+-+-+-+-Just wanted to thank everyone for sharing in our day!!!!! :)','2011-09-22 17:41:12','2011-09-22 19:55:58'),(73,1559003661,53,'Family','Ogden+-+-+-+-+-+-Shaun & Adina Ogden+-+-+-+-+-+-Coborn+-+-+-+-+-+-Terry & Donna coborn','2011-09-22 17:41:12','2011-09-22 17:51:50'),(74,702553430,54,'About Us','How we met+-+-+-+-+-+-Answer+-+-+-+-+-+-One weird fact+-+-+-+-+-+-Answer+-+-+-+-+-+-Our favoriate Activity+-+-+-+-+-+-Answer+-+-+-+-+-+-Something we would like to share+-+-+-+-+-+-Answer','2011-09-23 07:03:35','2011-09-23 07:03:35'),(75,702553430,54,'Family','Family 1s Name+-+-+-+-+-+-Family 1s blurb+-+-+-+-+-+-Family 2s Name+-+-+-+-+-+-Family 2s blurb','2011-09-23 07:03:35','2011-09-23 07:03:35'),(76,655488607,55,'About Us','How we met+-+-+-+-+-+-Answer+-+-+-+-+-+-One weird fact+-+-+-+-+-+-Answer+-+-+-+-+-+-Our favoriate Activity+-+-+-+-+-+-Answer+-+-+-+-+-+-Something we would like to share+-+-+-+-+-+-Answer','2011-09-25 16:47:25','2011-09-25 16:47:25'),(77,655488607,55,'Family','Family 1s Name+-+-+-+-+-+-Family 1s blurb+-+-+-+-+-+-Family 2s Name+-+-+-+-+-+-Family 2s blurb','2011-09-25 16:47:25','2011-09-25 16:47:25'),(78,655488607,56,'About Us','How we met+-+-+-+-+-+-Answer+-+-+-+-+-+-One weird fact+-+-+-+-+-+-Answer+-+-+-+-+-+-Our favoriate Activity+-+-+-+-+-+-Answer+-+-+-+-+-+-Something we would like to share+-+-+-+-+-+-Answer','2011-09-25 16:47:25','2011-09-25 16:47:25'),(79,655488607,56,'Family','Family 1s Name+-+-+-+-+-+-Family 1s blurb+-+-+-+-+-+-Family 2s Name+-+-+-+-+-+-Family 2s blurb','2011-09-25 16:47:25','2011-09-25 16:47:25'),(80,2147483647,57,'About Us','How we met+-+-+-+-+-+-Answer+-+-+-+-+-+-One weird fact+-+-+-+-+-+-Answer+-+-+-+-+-+-Our favoriate Activity+-+-+-+-+-+-Answer+-+-+-+-+-+-Something we would like to share+-+-+-+-+-+-Answer','2011-09-28 05:03:37','2011-09-28 05:03:37'),(81,2147483647,57,'Family','Family 1s Name+-+-+-+-+-+-Family 1s blurb+-+-+-+-+-+-Family 2s Name+-+-+-+-+-+-Family 2s blurb','2011-09-28 05:03:37','2011-09-28 05:03:37'),(82,2147483647,58,'About Us','How we met+-+-+-+-+-+-Answer+-+-+-+-+-+-One weird fact+-+-+-+-+-+-Answer+-+-+-+-+-+-Our favoriate Activity+-+-+-+-+-+-Answer+-+-+-+-+-+-Something we would like to share+-+-+-+-+-+-Answer','2011-09-28 05:03:42','2011-09-28 05:03:42'),(83,2147483647,58,'Family','Family 1s Name+-+-+-+-+-+-Family 1s blurb+-+-+-+-+-+-Family 2s Name+-+-+-+-+-+-Family 2s blurb','2011-09-28 05:03:42','2011-09-28 05:03:42'),(84,1429811671,59,'About Us','How we met+-+-+-+-+-+-Answer+-+-+-+-+-+-One weird fact+-+-+-+-+-+-Answer+-+-+-+-+-+-Our favoriate Activity+-+-+-+-+-+-Answer+-+-+-+-+-+-Something we would like to share+-+-+-+-+-+-Answer','2011-09-28 11:25:26','2011-09-28 11:25:26'),(85,1429811671,59,'Family','Family 1s Name+-+-+-+-+-+-Family 1s blurb+-+-+-+-+-+-Family 2s Name+-+-+-+-+-+-Family 2s blurb','2011-09-28 11:25:26','2011-09-28 11:25:26'),(86,566708666,60,'About Us','How we met+-+-+-+-+-+-Answer+-+-+-+-+-+-One weird fact+-+-+-+-+-+-Answer+-+-+-+-+-+-Our favoriate Activity+-+-+-+-+-+-Answer+-+-+-+-+-+-Something we would like to share+-+-+-+-+-+-Answer','2011-10-02 12:37:44','2011-10-02 12:37:44'),(87,566708666,60,'Family','Family 1s Name+-+-+-+-+-+-Family 1s blurb+-+-+-+-+-+-Family 2s Name+-+-+-+-+-+-Family 2s blurb','2011-10-02 12:37:44','2011-10-02 12:37:44'),(88,1044334056,61,'About Us','How we met+-+-+-+-+-+-Answer+-+-+-+-+-+-One weird fact+-+-+-+-+-+-Answer+-+-+-+-+-+-Our favoriate Activity+-+-+-+-+-+-Answer+-+-+-+-+-+-Something we would like to share+-+-+-+-+-+-Answer','2011-10-02 12:38:02','2011-10-02 12:38:02'),(89,1044334056,61,'Family','Family 1s Name+-+-+-+-+-+-Family 1s blurb+-+-+-+-+-+-Family 2s Name+-+-+-+-+-+-Family 2s blurb','2011-10-02 12:38:02','2011-10-02 12:38:02'),(90,655488607,62,'About Us','How we met+-+-+-+-+-+-Answer+-+-+-+-+-+-One weird fact+-+-+-+-+-+-Answer+-+-+-+-+-+-Our favoriate Activity+-+-+-+-+-+-Answer+-+-+-+-+-+-Something we would like to share+-+-+-+-+-+-Answer','2011-10-02 12:38:05','2011-10-02 12:38:05'),(91,655488607,62,'Family','Family 1s Name+-+-+-+-+-+-Family 1s blurb+-+-+-+-+-+-Family 2s Name+-+-+-+-+-+-Family 2s blurb','2011-10-02 12:38:05','2011-10-02 12:38:05'),(92,655488607,63,'About Us','How we met+-+-+-+-+-+-Answer+-+-+-+-+-+-One weird fact+-+-+-+-+-+-Answer+-+-+-+-+-+-Our favoriate Activity+-+-+-+-+-+-Answer+-+-+-+-+-+-Something we would like to share+-+-+-+-+-+-Answer','2011-10-02 12:46:27','2011-10-02 12:46:27'),(93,655488607,63,'Family','Family 1s Name+-+-+-+-+-+-Family 1s blurb+-+-+-+-+-+-Family 2s Name+-+-+-+-+-+-Family 2s blurb','2011-10-02 12:46:27','2011-10-02 12:46:27'),(94,566708666,64,'About Us','How we met+-+-+-+-+-+-Answer+-+-+-+-+-+-One weird fact+-+-+-+-+-+-Answer+-+-+-+-+-+-Our favoriate Activity+-+-+-+-+-+-Answer+-+-+-+-+-+-Something we would like to share+-+-+-+-+-+-Answer','2011-10-02 20:53:19','2011-10-02 20:53:19'),(95,566708666,64,'Family','Family 1s Name+-+-+-+-+-+-Family 1s blurb+-+-+-+-+-+-Family 2s Name+-+-+-+-+-+-Family 2s blurb','2011-10-02 20:53:19','2011-10-02 20:53:19'),(96,566708666,65,'About Us','How we met+-+-+-+-+-+-Answer+-+-+-+-+-+-One weird fact+-+-+-+-+-+-Answer+-+-+-+-+-+-Our favoriate Activity+-+-+-+-+-+-Answer+-+-+-+-+-+-Something we would like to share+-+-+-+-+-+-Answer','2011-10-02 20:56:05','2011-10-02 20:56:05'),(97,566708666,65,'Family','Family 1s Name+-+-+-+-+-+-Family 1s blurb+-+-+-+-+-+-Family 2s Name+-+-+-+-+-+-Family 2s blurb','2011-10-02 20:56:05','2011-10-02 20:56:05'),(98,566708666,66,'About Us','How we met+-+-+-+-+-+-Answer+-+-+-+-+-+-One weird fact+-+-+-+-+-+-Answer+-+-+-+-+-+-Our favoriate Activity+-+-+-+-+-+-Answer+-+-+-+-+-+-Something we would like to share+-+-+-+-+-+-Answer','2011-10-02 20:57:34','2011-10-02 20:57:34'),(99,566708666,66,'Family','Family 1s Name+-+-+-+-+-+-Family 1s blurb+-+-+-+-+-+-Family 2s Name+-+-+-+-+-+-Family 2s blurb','2011-10-02 20:57:34','2011-10-02 20:57:34'),(100,566708666,67,'About Us','How we met+-+-+-+-+-+-Answer+-+-+-+-+-+-One weird fact+-+-+-+-+-+-Answer+-+-+-+-+-+-Our favoriate Activity+-+-+-+-+-+-Answer+-+-+-+-+-+-Something we would like to share+-+-+-+-+-+-Answer','2011-10-02 20:58:20','2011-10-02 20:58:20'),(101,566708666,67,'Family','Family 1s Name+-+-+-+-+-+-Family 1s blurb+-+-+-+-+-+-Family 2s Name+-+-+-+-+-+-Family 2s blurb','2011-10-02 20:58:20','2011-10-02 20:58:20'),(102,566708666,68,'About Us','How we met+-+-+-+-+-+-Answer+-+-+-+-+-+-One weird fact+-+-+-+-+-+-Answer+-+-+-+-+-+-Our favoriate Activity+-+-+-+-+-+-Answer+-+-+-+-+-+-Something we would like to share+-+-+-+-+-+-Answer','2011-10-02 21:00:08','2011-10-02 21:00:08'),(103,566708666,68,'Family','Family 1s Name+-+-+-+-+-+-Family 1s blurb+-+-+-+-+-+-Family 2s Name+-+-+-+-+-+-Family 2s blurb','2011-10-02 21:00:08','2011-10-02 21:00:08'),(104,566708666,69,'About Us','How we met+-+-+-+-+-+-Answer+-+-+-+-+-+-One weird fact+-+-+-+-+-+-Answer+-+-+-+-+-+-Our favoriate Activity+-+-+-+-+-+-Answer+-+-+-+-+-+-Something we would like to share+-+-+-+-+-+-Answer','2011-10-02 21:00:21','2011-10-02 21:00:21'),(105,566708666,69,'Family','Family 1s Name+-+-+-+-+-+-Family 1s blurb+-+-+-+-+-+-Family 2s Name+-+-+-+-+-+-Family 2s blurb','2011-10-02 21:00:21','2011-10-02 21:00:21'),(106,566708666,70,'About Us','How we met+-+-+-+-+-+-Answer+-+-+-+-+-+-One weird fact+-+-+-+-+-+-Answer+-+-+-+-+-+-Our favoriate Activity+-+-+-+-+-+-Answer+-+-+-+-+-+-Something we would like to share+-+-+-+-+-+-Answer','2011-10-02 21:11:59','2011-10-02 21:11:59'),(107,566708666,70,'Family','Family 1s Name+-+-+-+-+-+-Family 1s blurb+-+-+-+-+-+-Family 2s Name+-+-+-+-+-+-Family 2s blurb','2011-10-02 21:11:59','2011-10-02 21:11:59'),(108,566708666,71,'About Us','How we met+-+-+-+-+-+-Answer+-+-+-+-+-+-One weird fact+-+-+-+-+-+-Answer+-+-+-+-+-+-Our favoriate Activity+-+-+-+-+-+-Answer+-+-+-+-+-+-Something we would like to share+-+-+-+-+-+-Answer','2011-10-06 00:33:40','2011-10-06 00:33:40'),(109,566708666,71,'Family','Family 1s Name+-+-+-+-+-+-Family 1s blurb+-+-+-+-+-+-Family 2s Name+-+-+-+-+-+-Family 2s blurb','2011-10-06 00:33:40','2011-10-06 00:33:40'),(110,1758828807,72,'About Us','How we met+-+-+-+-+-+-Answer+-+-+-+-+-+-One weird fact+-+-+-+-+-+-Answer+-+-+-+-+-+-Our favoriate Activity+-+-+-+-+-+-Answer+-+-+-+-+-+-Something we would like to share+-+-+-+-+-+-Answer','2011-10-06 23:59:49','2011-10-06 23:59:49'),(111,1758828807,72,'Family','Family 1s Name+-+-+-+-+-+-Family 1s blurb+-+-+-+-+-+-Family 2s Name+-+-+-+-+-+-Family 2s blurb','2011-10-06 23:59:49','2011-10-06 23:59:49'),(112,1072175696,73,'About Us','How we met+-+-+-+-+-+-Answer+-+-+-+-+-+-One weird fact+-+-+-+-+-+-Answer+-+-+-+-+-+-Our favoriate Activity+-+-+-+-+-+-Answer+-+-+-+-+-+-Something we would like to share+-+-+-+-+-+-Answer','2011-10-10 22:44:49','2011-10-10 22:44:49'),(113,1072175696,73,'Family','Family 1s Name+-+-+-+-+-+-Family 1s blurb+-+-+-+-+-+-Family 2s Name+-+-+-+-+-+-Family 2s blurb','2011-10-10 22:44:49','2011-10-10 22:44:49'),(114,1044334056,74,'About Us','How we met+-+-+-+-+-+-Answer+-+-+-+-+-+-One weird fact+-+-+-+-+-+-Answer+-+-+-+-+-+-Our favoriate Activity+-+-+-+-+-+-Answer+-+-+-+-+-+-Something we would like to share+-+-+-+-+-+-Answer','2011-10-12 10:43:53','2011-10-12 10:43:53'),(115,1044334056,74,'Family','Family 1s Name+-+-+-+-+-+-Family 1s blurb+-+-+-+-+-+-Family 2s Name+-+-+-+-+-+-Family 2s blurb','2011-10-12 10:43:53','2011-10-12 10:43:53'),(116,566708666,75,'About Us','How we met+-+-+-+-+-+-Answer+-+-+-+-+-+-One weird fact+-+-+-+-+-+-Answer+-+-+-+-+-+-Our favoriate Activity+-+-+-+-+-+-Answer+-+-+-+-+-+-Something we would like to share+-+-+-+-+-+-Answer','2011-10-12 19:56:35','2011-10-12 19:56:35'),(117,566708666,75,'Family','Family 1s Name+-+-+-+-+-+-Family 1s blurb+-+-+-+-+-+-Family 2s Name+-+-+-+-+-+-Family 2s blurb','2011-10-12 19:56:35','2011-10-12 19:56:35'),(118,2147483647,76,'About Us','How we met+-+-+-+-+-+-Answer+-+-+-+-+-+-One weird fact+-+-+-+-+-+-Answer+-+-+-+-+-+-Our favoriate Activity+-+-+-+-+-+-Answer+-+-+-+-+-+-Something we would like to share+-+-+-+-+-+-Answer','2011-10-14 12:45:36','2011-10-14 12:45:36'),(119,2147483647,76,'Family','Family 1s Name+-+-+-+-+-+-Family 1s blurb+-+-+-+-+-+-Family 2s Name+-+-+-+-+-+-Family 2s blurb','2011-10-14 12:45:36','2011-10-14 12:45:36'),(120,2147483647,77,'About Us','How we met+-+-+-+-+-+-Answer+-+-+-+-+-+-One weird fact+-+-+-+-+-+-Answer+-+-+-+-+-+-Our favoriate Activity+-+-+-+-+-+-Answer+-+-+-+-+-+-Something we would like to share+-+-+-+-+-+-Answer','2011-10-14 12:46:00','2011-10-14 12:46:00'),(121,2147483647,77,'Family','Family 1s Name+-+-+-+-+-+-Family 1s blurb+-+-+-+-+-+-Family 2s Name+-+-+-+-+-+-Family 2s blurb','2011-10-14 12:46:00','2011-10-14 12:46:00'),(122,564120279,78,'About Us','How we met+-+-+-+-+-+-Answer+-+-+-+-+-+-One weird fact+-+-+-+-+-+-Answer+-+-+-+-+-+-Our favoriate Activity+-+-+-+-+-+-Answer+-+-+-+-+-+-Something we would like to share+-+-+-+-+-+-Answer','2011-10-15 04:03:04','2011-10-15 04:03:04'),(123,564120279,78,'Family','Family 1s Name+-+-+-+-+-+-Family 1s blurb+-+-+-+-+-+-Family 2s Name+-+-+-+-+-+-Family 2s blurb','2011-10-15 04:03:04','2011-10-15 04:03:04'),(124,1043917288,79,'About Us','How we met+-+-+-+-+-+-We have been talking via txt and emails for sometime and when we finally met each other we knew something amazing was to come out of this.+-+-+-+-+-+-One weird fact+-+-+-+-+-+-We have only been together for 6 months.+-+-+-+-+-+-Our favoriate Activity+-+-+-+-+-+-Walking to the city pool park in Corning from his house at midnight+-+-+-+-+-+-Something we would like to share+-+-+-+-+-+-Our love, and devotion to each other.','2011-10-17 11:57:15','2011-10-17 12:05:58'),(125,1043917288,79,'Family','Family 1s Name+-+-+-+-+-+-Family 1s blurb+-+-+-+-+-+-Family 2s Name+-+-+-+-+-+-Family 2s blurb','2011-10-17 11:57:15','2011-10-17 11:57:15'),(126,1642411546,80,'About Us','How we met+-+-+-+-+-+-Answer+-+-+-+-+-+-One weird fact+-+-+-+-+-+-Answer+-+-+-+-+-+-Our favoriate Activity+-+-+-+-+-+-Answer+-+-+-+-+-+-Something we would like to share+-+-+-+-+-+-Answer','2011-10-20 13:22:52','2011-10-20 13:22:52'),(127,1642411546,80,'Family','Family 1s Name+-+-+-+-+-+-Family 1s blurb+-+-+-+-+-+-Family 2s Name+-+-+-+-+-+-Family 2s blurb','2011-10-20 13:22:52','2011-10-20 13:22:52'),(128,1040130026,81,'About Us','How we met+-+-+-+-+-+-Answer+-+-+-+-+-+-One weird fact+-+-+-+-+-+-Answer+-+-+-+-+-+-Our favoriate Activity+-+-+-+-+-+-Answer+-+-+-+-+-+-Something we would like to share+-+-+-+-+-+-Answer','2011-10-23 01:24:26','2011-10-23 01:24:26'),(129,1040130026,81,'Family','Family 1s Name+-+-+-+-+-+-Family 1s blurb+-+-+-+-+-+-Family 2s Name+-+-+-+-+-+-Family 2s blurb','2011-10-23 01:24:26','2011-10-23 01:24:26'),(130,564120279,82,'About Us','How we met+-+-+-+-+-+-Answer+-+-+-+-+-+-One weird fact+-+-+-+-+-+-Answer+-+-+-+-+-+-Our favoriate Activity+-+-+-+-+-+-Answer+-+-+-+-+-+-Something we would like to share+-+-+-+-+-+-Answer','2011-10-25 08:49:50','2011-10-25 08:49:50'),(131,564120279,82,'Family','Family 1s Name+-+-+-+-+-+-Family 1s blurb+-+-+-+-+-+-Family 2s Name+-+-+-+-+-+-Family 2s blurb','2011-10-25 08:49:50','2011-10-25 08:49:50'),(132,564120279,83,'About Us','How we met+-+-+-+-+-+-Answer+-+-+-+-+-+-One weird fact+-+-+-+-+-+-Answer+-+-+-+-+-+-Our favoriate Activity+-+-+-+-+-+-Answer+-+-+-+-+-+-Something we would like to share+-+-+-+-+-+-Answer','2011-10-25 08:49:58','2011-10-25 08:49:58'),(133,564120279,83,'Family','Family 1s Name+-+-+-+-+-+-Family 1s blurb+-+-+-+-+-+-Family 2s Name+-+-+-+-+-+-Family 2s blurb','2011-10-25 08:49:58','2011-10-25 08:49:58'),(134,564120279,84,'About Us','How we met+-+-+-+-+-+-Answer+-+-+-+-+-+-One weird fact+-+-+-+-+-+-Answer+-+-+-+-+-+-Our favoriate Activity+-+-+-+-+-+-Answer+-+-+-+-+-+-Something we would like to share+-+-+-+-+-+-Answer','2011-10-25 08:50:03','2011-10-25 08:50:03'),(135,564120279,84,'Family','Family 1s Name+-+-+-+-+-+-Family 1s blurb+-+-+-+-+-+-Family 2s Name+-+-+-+-+-+-Family 2s blurb','2011-10-25 08:50:03','2011-10-25 08:50:03'),(136,564120279,85,'About Us','How we met+-+-+-+-+-+-Answer+-+-+-+-+-+-One weird fact+-+-+-+-+-+-Answer+-+-+-+-+-+-Our favoriate Activity+-+-+-+-+-+-Answer+-+-+-+-+-+-Something we would like to share+-+-+-+-+-+-Answer','2011-10-25 08:50:11','2011-10-25 08:50:11'),(137,564120279,85,'Family','Family 1s Name+-+-+-+-+-+-Family 1s blurb+-+-+-+-+-+-Family 2s Name+-+-+-+-+-+-Family 2s blurb','2011-10-25 08:50:11','2011-10-25 08:50:11'),(138,564120279,86,'About Us','How we met+-+-+-+-+-+-Answer+-+-+-+-+-+-One weird fact+-+-+-+-+-+-Answer+-+-+-+-+-+-Our favoriate Activity+-+-+-+-+-+-Answer+-+-+-+-+-+-Something we would like to share+-+-+-+-+-+-Answer','2011-10-25 08:50:19','2011-10-25 08:50:19'),(139,564120279,86,'Family','Family 1s Name+-+-+-+-+-+-Family 1s blurb+-+-+-+-+-+-Family 2s Name+-+-+-+-+-+-Family 2s blurb','2011-10-25 08:50:19','2011-10-25 08:50:19'),(140,2147483647,87,'About Us','How we met+-+-+-+-+-+-Answer+-+-+-+-+-+-One weird fact+-+-+-+-+-+-Answer+-+-+-+-+-+-Our favoriate Activity+-+-+-+-+-+-Answer+-+-+-+-+-+-Something we would like to share+-+-+-+-+-+-Answer','2011-10-28 23:15:56','2011-10-28 23:15:56'),(141,2147483647,87,'Family','Family 1s Name+-+-+-+-+-+-Family 1s blurb+-+-+-+-+-+-Family 2s Name+-+-+-+-+-+-Family 2s blurb','2011-10-28 23:15:56','2011-10-28 23:15:56'),(142,2147483647,88,'About Us','How we met+-+-+-+-+-+-Answer+-+-+-+-+-+-One weird fact+-+-+-+-+-+-Answer+-+-+-+-+-+-Our favoriate Activity+-+-+-+-+-+-Answer+-+-+-+-+-+-Something we would like to share+-+-+-+-+-+-Answer','2011-10-29 14:23:38','2011-10-29 14:23:38'),(143,2147483647,88,'Family','Family 1s Name+-+-+-+-+-+-Family 1s blurb+-+-+-+-+-+-Family 2s Name+-+-+-+-+-+-Family 2s blurb','2011-10-29 14:23:38','2011-10-29 14:23:38'),(144,2147483647,89,'About Us','How we met+-+-+-+-+-+-Answer+-+-+-+-+-+-One weird fact+-+-+-+-+-+-Answer+-+-+-+-+-+-Our favoriate Activity+-+-+-+-+-+-Answer+-+-+-+-+-+-Something we would like to share+-+-+-+-+-+-Answer','2011-10-29 14:23:39','2011-10-29 14:23:39'),(145,2147483647,89,'Family','Family 1s Name+-+-+-+-+-+-Family 1s blurb+-+-+-+-+-+-Family 2s Name+-+-+-+-+-+-Family 2s blurb','2011-10-29 14:23:39','2011-10-29 14:23:39'),(146,2147483647,90,'About Us','How we met+-+-+-+-+-+-Answer+-+-+-+-+-+-One weird fact+-+-+-+-+-+-Answer+-+-+-+-+-+-Our favoriate Activity+-+-+-+-+-+-Answer+-+-+-+-+-+-Something we would like to share+-+-+-+-+-+-Answer','2011-10-29 14:24:17','2011-10-29 14:24:17'),(147,2147483647,90,'Family','Family 1s Name+-+-+-+-+-+-Family 1s blurb+-+-+-+-+-+-Family 2s Name+-+-+-+-+-+-Family 2s blurb','2011-10-29 14:24:17','2011-10-29 14:24:17'),(148,1617025315,91,'About Us','How we met+-+-+-+-+-+-Simply being the Mysterious cellphone text message send called \"Confradia\"....+-+-+-+-+-+-One weird fact+-+-+-+-+-+-Answer+-+-+-+-+-+-Our favoriate Activity+-+-+-+-+-+-Answer+-+-+-+-+-+-Something we would like to share+-+-+-+-+-+-Answer','2011-10-29 23:06:48','2011-10-29 23:15:03'),(149,1617025315,91,'Family','Family 1s Name+-+-+-+-+-+-Family 1s blurb+-+-+-+-+-+-Family 2s Name+-+-+-+-+-+-Family 2s blurb','2011-10-29 23:06:48','2011-10-29 23:06:48'),(150,2147483647,92,'About Us','How we met+-+-+-+-+-+-Answer+-+-+-+-+-+-One weird fact+-+-+-+-+-+-Answer+-+-+-+-+-+-Our favoriate Activity+-+-+-+-+-+-Answer+-+-+-+-+-+-Something we would like to share+-+-+-+-+-+-Answer','2011-10-31 07:49:29','2011-10-31 07:49:29'),(151,2147483647,92,'Family','Family 1s Name+-+-+-+-+-+-Family 1s blurb+-+-+-+-+-+-Family 2s Name+-+-+-+-+-+-Family 2s blurb','2011-10-31 07:49:29','2011-10-31 07:49:29'),(152,2147483647,93,'About Us','How we met+-+-+-+-+-+-Answer+-+-+-+-+-+-One weird fact+-+-+-+-+-+-Answer+-+-+-+-+-+-Our favoriate Activity+-+-+-+-+-+-Answer+-+-+-+-+-+-Something we would like to share+-+-+-+-+-+-Answer','2011-10-31 07:50:57','2011-10-31 07:50:57'),(153,2147483647,93,'Family','Family 1s Name+-+-+-+-+-+-Family 1s blurb+-+-+-+-+-+-Family 2s Name+-+-+-+-+-+-Family 2s blurb','2011-10-31 07:50:57','2011-10-31 07:50:57'),(154,2147483647,94,'About Us','How we met+-+-+-+-+-+-Answer+-+-+-+-+-+-One weird fact+-+-+-+-+-+-Answer+-+-+-+-+-+-Our favoriate Activity+-+-+-+-+-+-Answer+-+-+-+-+-+-Something we would like to share+-+-+-+-+-+-Answer','2011-10-31 07:54:39','2011-10-31 07:54:39'),(155,2147483647,94,'Family','Family 1s Name+-+-+-+-+-+-Family 1s blurb+-+-+-+-+-+-Family 2s Name+-+-+-+-+-+-Family 2s blurb','2011-10-31 07:54:39','2011-10-31 07:54:39'),(156,2147483647,95,'About Us','How we met+-+-+-+-+-+-Answer+-+-+-+-+-+-One weird fact+-+-+-+-+-+-Answer+-+-+-+-+-+-Our favoriate Activity+-+-+-+-+-+-Answer+-+-+-+-+-+-Something we would like to share+-+-+-+-+-+-Answer','2011-11-05 23:58:16','2011-11-05 23:58:16'),(157,2147483647,95,'Family','Family 1s Name+-+-+-+-+-+-Family 1s blurb+-+-+-+-+-+-Family 2s Name+-+-+-+-+-+-Family 2s blurb','2011-11-05 23:58:16','2011-11-05 23:58:16'),(158,2147483647,96,'About Us','How we met+-+-+-+-+-+-Answer+-+-+-+-+-+-One weird fact+-+-+-+-+-+-Answer+-+-+-+-+-+-Our favoriate Activity+-+-+-+-+-+-Answer+-+-+-+-+-+-Something we would like to share+-+-+-+-+-+-Answer','2011-11-05 23:58:47','2011-11-05 23:58:47'),(159,2147483647,96,'Family','Family 1s Name+-+-+-+-+-+-Family 1s blurb+-+-+-+-+-+-Family 2s Name+-+-+-+-+-+-Family 2s blurb','2011-11-05 23:58:47','2011-11-05 23:58:47'),(160,534957441,97,'About Us','How we met+-+-+-+-+-+-Housemates when Rachel first moved to London+-+-+-+-+-+-One weird fact+-+-+-+-+-+-Rachel was in another relationship when first met, and that person was a housemate too+-+-+-+-+-+-Our favoriate Activity+-+-+-+-+-+-Staying indoor doing nothing +-+-+-+-+-+-Something we would like to share+-+-+-+-+-+-We are grateful to have you in part of our lives and we hope you can join us in our celebration','2011-11-06 10:27:41','2011-11-06 12:06:32'),(161,534957441,97,'Family','Groom\'s Family+-+-+-+-+-+-Hill - Irish +-+-+-+-+-+-Bride\'s Family+-+-+-+-+-+-Ng - Malaysian Chinese ','2011-11-06 10:27:41','2011-11-06 12:44:39'),(162,1406077890,98,'About Us','How we met+-+-+-+-+-+-Alex and I met because of Rebecca! At the time she was my piano teacher and we had dinner at her parents house. +-+-+-+-+-+-One weird fact+-+-+-+-+-+-When I first met Alex and didn\'t really know him that well and considered him to be more of a brotherly figure! When my mom asked me about him I told her \"mom gross he is like my brother\" lol I guess I was completely wrong +-+-+-+-+-+-Our favoriate Activity+-+-+-+-+-+-Answer+-+-+-+-+-+-Something we would like to share+-+-+-+-+-+-We would like to thank all of our wonderful friends and family members who have been so understanding and patient with us! ','2011-11-08 03:45:59','2011-11-09 00:17:33'),(163,1406077890,98,'Family','Victor and Irina Schulz +-+-+-+-+-+-Family 1s blurb+-+-+-+-+-+-Wayne and Oksana Haynes+-+-+-+-+-+-Family 2s blurb','2011-11-08 03:45:59','2011-11-09 00:10:22'),(164,1419406156,99,'About Us','How we met+-+-+-+-+-+-Answer+-+-+-+-+-+-One weird fact+-+-+-+-+-+-Answer+-+-+-+-+-+-Our favoriate Activity+-+-+-+-+-+-Answer+-+-+-+-+-+-Something we would like to share+-+-+-+-+-+-Answer','2011-11-09 16:18:29','2011-11-09 16:20:04'),(165,1419406156,99,'Family','Family 1s Name+-+-+-+-+-+-Family 1s blurb+-+-+-+-+-+-Family 2s Name+-+-+-+-+-+-Family 2s blurb','2011-11-09 16:18:29','2011-11-09 16:20:22'),(166,539120308,100,'About Us','How we met+-+-+-+-+-+-Answer+-+-+-+-+-+-One weird fact+-+-+-+-+-+-Answer+-+-+-+-+-+-Our favoriate Activity+-+-+-+-+-+-Answer+-+-+-+-+-+-Something we would like to share+-+-+-+-+-+-Answer','2011-11-11 04:33:40','2011-11-11 04:33:40'),(167,539120308,100,'Family','Family 1s Name+-+-+-+-+-+-Family 1s blurb+-+-+-+-+-+-Family 2s Name+-+-+-+-+-+-Family 2s blurb','2011-11-11 04:33:40','2011-11-11 04:33:40'),(168,2147483647,101,'About Us','How we met+-+-+-+-+-+-Answer+-+-+-+-+-+-One weird fact+-+-+-+-+-+-Answer+-+-+-+-+-+-Our favoriate Activity+-+-+-+-+-+-Answer+-+-+-+-+-+-Something we would like to share+-+-+-+-+-+-Answer','2011-11-20 00:30:22','2011-11-20 00:30:22'),(169,2147483647,101,'Family','Family 1s Name+-+-+-+-+-+-Family 1s blurb+-+-+-+-+-+-Family 2s Name+-+-+-+-+-+-Family 2s blurb','2011-11-20 00:30:22','2011-11-20 00:30:22'),(170,2147483647,102,'About Us','How we met+-+-+-+-+-+-Answer+-+-+-+-+-+-One weird fact+-+-+-+-+-+-Answer+-+-+-+-+-+-Our favoriate Activity+-+-+-+-+-+-Answer+-+-+-+-+-+-Something we would like to share+-+-+-+-+-+-Answer','2011-11-20 02:13:20','2011-11-20 02:13:20'),(171,2147483647,102,'Family','Family 1s Name+-+-+-+-+-+-Family 1s blurb+-+-+-+-+-+-Family 2s Name+-+-+-+-+-+-Family 2s blurb','2011-11-20 02:13:20','2011-11-20 02:13:20'),(172,524847039,103,'About Us','How we met+-+-+-+-+-+-Answer+-+-+-+-+-+-One weird fact+-+-+-+-+-+-Answer+-+-+-+-+-+-Our favoriate Activity+-+-+-+-+-+-Answer+-+-+-+-+-+-Something we would like to share+-+-+-+-+-+-Answer','2011-11-21 23:40:48','2011-11-21 23:40:48'),(173,524847039,103,'Family','Family 1s Name+-+-+-+-+-+-Family 1s blurb+-+-+-+-+-+-Family 2s Name+-+-+-+-+-+-Family 2s blurb','2011-11-21 23:40:48','2011-11-21 23:40:48'),(174,30307528,104,'About Us','How we met+-+-+-+-+-+-Answer+-+-+-+-+-+-One weird fact+-+-+-+-+-+-Answer+-+-+-+-+-+-Our favoriate Activity+-+-+-+-+-+-Answer+-+-+-+-+-+-Something we would like to share+-+-+-+-+-+-Answer','2011-11-26 02:20:29','2011-11-26 02:20:29'),(175,30307528,104,'Family','Family 1s Name+-+-+-+-+-+-Family 1s blurb+-+-+-+-+-+-Family 2s Name+-+-+-+-+-+-Family 2s blurb','2011-11-26 02:20:29','2011-11-26 02:20:29'),(176,1320909789,105,'About Us','How we met+-+-+-+-+-+-Answer+-+-+-+-+-+-One weird fact+-+-+-+-+-+-Answer+-+-+-+-+-+-Our favoriate Activity+-+-+-+-+-+-Answer+-+-+-+-+-+-Something we would like to share+-+-+-+-+-+-Answer','2011-11-27 13:54:32','2011-11-27 13:54:32'),(177,1320909789,105,'Family','Family 1s Name+-+-+-+-+-+-Family 1s blurb+-+-+-+-+-+-Family 2s Name+-+-+-+-+-+-Family 2s blurb','2011-11-27 13:54:32','2011-11-27 13:54:32'),(178,798165424,106,'About Us','How we met+-+-+-+-+-+-Answer+-+-+-+-+-+-One weird fact+-+-+-+-+-+-Answer+-+-+-+-+-+-Our favoriate Activity+-+-+-+-+-+-Answer+-+-+-+-+-+-Something we would like to share+-+-+-+-+-+-Answer','2011-11-30 08:04:47','2011-11-30 08:04:47'),(179,798165424,106,'Family','Family 1s Name+-+-+-+-+-+-Family 1s blurb+-+-+-+-+-+-Family 2s Name+-+-+-+-+-+-Family 2s blurb','2011-11-30 08:04:47','2011-11-30 08:04:47'),(180,753877658,107,'About Us','How we met+-+-+-+-+-+-Answer+-+-+-+-+-+-One weird fact+-+-+-+-+-+-Answer+-+-+-+-+-+-Our favoriate Activity+-+-+-+-+-+-Answer+-+-+-+-+-+-Something we would like to share+-+-+-+-+-+-Answer','2011-12-01 16:38:12','2011-12-01 16:38:12'),(181,753877658,107,'Family','Family 1s Name+-+-+-+-+-+-Family 1s blurb+-+-+-+-+-+-Family 2s Name+-+-+-+-+-+-Family 2s blurb','2011-12-01 16:38:12','2011-12-01 16:38:12'),(182,506722166,108,'About Us','How we met+-+-+-+-+-+-Answer+-+-+-+-+-+-One weird fact+-+-+-+-+-+-Answer+-+-+-+-+-+-Our favoriate Activity+-+-+-+-+-+-Answer+-+-+-+-+-+-Something we would like to share+-+-+-+-+-+-Answer','2011-12-03 01:24:07','2011-12-03 01:24:07'),(183,506722166,108,'Family','Family 1s Name+-+-+-+-+-+-Family 1s blurb+-+-+-+-+-+-Family 2s Name+-+-+-+-+-+-Family 2s blurb','2011-12-03 01:24:07','2011-12-03 01:24:07'),(184,1174788935,109,'About Us','How we met+-+-+-+-+-+-Answer+-+-+-+-+-+-One weird fact+-+-+-+-+-+-Our buddy Garland actually created this app. You\'re welcome Apple app world!+-+-+-+-+-+-Our favoriate Activity+-+-+-+-+-+-Answer+-+-+-+-+-+-Something we would like to share+-+-+-+-+-+-Answer','2011-12-14 22:37:04','2011-12-14 22:44:36'),(185,1174788935,109,'Family','Family 1s Name+-+-+-+-+-+-Family 1s blurb+-+-+-+-+-+-Family 2s Name+-+-+-+-+-+-Family 2s blurb','2011-12-14 22:37:04','2011-12-14 22:37:04'),(186,2147483647,110,'About Us','How we met+-+-+-+-+-+-Answer+-+-+-+-+-+-One weird fact+-+-+-+-+-+-Answer+-+-+-+-+-+-Our favoriate Activity+-+-+-+-+-+-Answer+-+-+-+-+-+-Something we would like to share+-+-+-+-+-+-Answer','2011-12-18 17:40:53','2011-12-18 17:40:53'),(187,2147483647,110,'Family','Family 1s Name+-+-+-+-+-+-Family 1s blurb+-+-+-+-+-+-Family 2s Name+-+-+-+-+-+-Family 2s blurb','2011-12-18 17:40:53','2011-12-18 17:40:53'),(188,2147483647,111,'About Us','How we met+-+-+-+-+-+-Answer+-+-+-+-+-+-One weird fact+-+-+-+-+-+-Answer+-+-+-+-+-+-Our favoriate Activity+-+-+-+-+-+-Answer+-+-+-+-+-+-Something we would like to share+-+-+-+-+-+-Answer','2011-12-18 17:41:16','2011-12-18 17:41:16'),(189,2147483647,111,'Family','Family 1s Name+-+-+-+-+-+-Family 1s blurb+-+-+-+-+-+-Family 2s Name+-+-+-+-+-+-Family 2s blurb','2011-12-18 17:41:16','2011-12-18 17:41:16'),(190,2147483647,112,'About Us','How we met+-+-+-+-+-+-Answer+-+-+-+-+-+-One weird fact+-+-+-+-+-+-Answer+-+-+-+-+-+-Our favoriate Activity+-+-+-+-+-+-Answer+-+-+-+-+-+-Something we would like to share+-+-+-+-+-+-Answer','2011-12-18 17:44:58','2011-12-18 17:44:58'),(191,2147483647,112,'Family','Family 1s Name+-+-+-+-+-+-Family 1s blurb+-+-+-+-+-+-Family 2s Name+-+-+-+-+-+-Family 2s blurb','2011-12-18 17:44:58','2011-12-18 17:44:58'),(192,2147483647,113,'About Us','How we met+-+-+-+-+-+-Answer+-+-+-+-+-+-One weird fact+-+-+-+-+-+-Answer+-+-+-+-+-+-Our favoriate Activity+-+-+-+-+-+-Answer+-+-+-+-+-+-Something we would like to share+-+-+-+-+-+-Answer','2011-12-18 17:46:24','2011-12-18 17:46:24'),(193,2147483647,113,'Family','Family 1s Name+-+-+-+-+-+-Family 1s blurb+-+-+-+-+-+-Family 2s Name+-+-+-+-+-+-Family 2s blurb','2011-12-18 17:46:24','2011-12-18 17:46:24'),(194,1646303878,114,'About Us','How we met+-+-+-+-+-+-Answer+-+-+-+-+-+-One weird fact+-+-+-+-+-+-Answer+-+-+-+-+-+-Our favoriate Activity+-+-+-+-+-+-Answer+-+-+-+-+-+-Something we would like to share+-+-+-+-+-+-Answer','2011-12-18 18:09:12','2011-12-18 18:09:12'),(195,1646303878,114,'Family','Family 1s Name+-+-+-+-+-+-Family 1s blurb+-+-+-+-+-+-Family 2s Name+-+-+-+-+-+-Family 2s blurb','2011-12-18 18:09:12','2011-12-18 18:09:12'),(196,670130607,115,'About Us','How we met+-+-+-+-+-+-It\'s 20th of february 2009 at a party in Aberystwyth. He was handsome, we talked all night. It was love at first sight.+-+-+-+-+-+-One weird fact+-+-+-+-+-+-Our dog is born the 20th of February. +-+-+-+-+-+-Our favoriate Activity+-+-+-+-+-+-Watching movies with a good bottle of wine+-+-+-+-+-+-Something we would like to share+-+-+-+-+-+-Answer','2011-12-22 17:13:36','2011-12-22 17:24:19'),(197,670130607,115,'Family','Farnes-Hansen+-+-+-+-+-+-Jarle Farnes-Hansen: Dad.                                                    Nina Farnes-Hansen: Mum.                                             Caroline Farnes-Hansen: Bride.                                       Fredrik Farnes-Hansen: Brother+-+-+-+-+-+-Bryant+-+-+-+-+-+-Kevin Bryant: Dad                                                             Sara Tait: Mum.                                                                     Ian Bryant; Brother.                                                           Stuart Bryant: Groom','2011-12-22 17:13:36','2011-12-22 17:31:41'),(198,602514169,116,'About Us','How we met+-+-+-+-+-+-Answer+-+-+-+-+-+-One weird fact+-+-+-+-+-+-Answer+-+-+-+-+-+-Our favoriate Activity+-+-+-+-+-+-Answer+-+-+-+-+-+-Something we would like to share+-+-+-+-+-+-Answer','2011-12-28 17:09:46','2011-12-28 17:09:46'),(199,602514169,116,'Family','Family 1s Name+-+-+-+-+-+-Family 1s blurb+-+-+-+-+-+-Family 2s Name+-+-+-+-+-+-Family 2s blurb','2011-12-28 17:09:46','2011-12-28 17:09:46'),(200,1781635808,117,'About Us','How we met+-+-+-+-+-+-Answer+-+-+-+-+-+-One weird fact+-+-+-+-+-+-Answer+-+-+-+-+-+-Our favoriate Activity+-+-+-+-+-+-Answer+-+-+-+-+-+-Something we would like to share+-+-+-+-+-+-Answer','2012-01-02 00:29:25','2012-01-02 00:29:25'),(201,1781635808,117,'Family','Family 1s Name+-+-+-+-+-+-Family 1s blurb+-+-+-+-+-+-Family 2s Name+-+-+-+-+-+-Family 2s blurb','2012-01-02 00:29:25','2012-01-02 00:29:25'),(202,2147483647,118,'About Us','How we met+-+-+-+-+-+-Answer+-+-+-+-+-+-One weird fact+-+-+-+-+-+-Answer+-+-+-+-+-+-Our favoriate Activity+-+-+-+-+-+-Answer+-+-+-+-+-+-Something we would like to share+-+-+-+-+-+-Answer','2012-01-02 19:41:55','2012-01-02 19:41:55'),(203,2147483647,118,'Family','Family 1s Name+-+-+-+-+-+-Family 1s blurb+-+-+-+-+-+-Family 2s Name+-+-+-+-+-+-Family 2s blurb','2012-01-02 19:41:55','2012-01-02 19:41:55'),(204,2147483647,119,'About Us','How we met+-+-+-+-+-+-Answer+-+-+-+-+-+-One weird fact+-+-+-+-+-+-Answer+-+-+-+-+-+-Our favoriate Activity+-+-+-+-+-+-Answer+-+-+-+-+-+-Something we would like to share+-+-+-+-+-+-Answer','2012-01-02 19:42:30','2012-01-02 19:42:30'),(205,2147483647,119,'Family','Family 1s Name+-+-+-+-+-+-Family 1s blurb+-+-+-+-+-+-Family 2s Name+-+-+-+-+-+-Family 2s blurb','2012-01-02 19:42:30','2012-01-02 19:42:30'),(206,2147483647,120,'About Us','How we met+-+-+-+-+-+-Answer+-+-+-+-+-+-One weird fact+-+-+-+-+-+-Answer+-+-+-+-+-+-Our favoriate Activity+-+-+-+-+-+-Answer+-+-+-+-+-+-Something we would like to share+-+-+-+-+-+-Answer','2012-01-02 21:04:10','2012-01-02 21:04:10'),(207,2147483647,120,'Family','Family 1s Name+-+-+-+-+-+-Family 1s blurb+-+-+-+-+-+-Family 2s Name+-+-+-+-+-+-Family 2s blurb','2012-01-02 21:04:10','2012-01-02 21:04:10'),(208,1082454201,121,'About Us','How we met+-+-+-+-+-+-Answer+-+-+-+-+-+-One weird fact+-+-+-+-+-+-Answer+-+-+-+-+-+-Our favoriate Activity+-+-+-+-+-+-Answer+-+-+-+-+-+-Something we would like to share+-+-+-+-+-+-Answer','2012-01-03 13:31:04','2012-01-03 13:31:04'),(209,1082454201,121,'Family','Family 1s Name+-+-+-+-+-+-Family 1s blurb+-+-+-+-+-+-Family 2s Name+-+-+-+-+-+-Family 2s blurb','2012-01-03 13:31:04','2012-01-03 13:31:04'),(210,1516350048,122,'About Us','How we met+-+-+-+-+-+-Answer+-+-+-+-+-+-One weird fact+-+-+-+-+-+-Answer+-+-+-+-+-+-Our favoriate Activity+-+-+-+-+-+-Answer+-+-+-+-+-+-Something we would like to share+-+-+-+-+-+-Answer','2012-01-07 00:12:41','2012-01-07 00:12:41'),(211,1516350048,122,'Family','Family 1s Name+-+-+-+-+-+-Family 1s blurb+-+-+-+-+-+-Family 2s Name+-+-+-+-+-+-Family 2s blurb','2012-01-07 00:12:41','2012-01-07 00:12:41'),(212,555725617,123,'About Us','Our Story+-+-+-+-+-+-It started with a glance, then a dance, then a kiss. October 7, 2006 was the first time Jeremy and Melissa laid eyes on each other, and it was love at first site. While they both arrived to this destination via mutual friends this chance encounter at a downtown Cleveland night club changed the course of their lives forever. They exchanged phone numbers, and over the next couple weeks they continued to call and see each other. They hung out and watched movies, went out on dates, and continued to fall for each other.\n\nOn one of their early dates, Melissa and Jeremy went out to dinner with people from Melissas work to celebrate a co workers birthday. They both drove separately and met each other at the restaurant. After having a good time enjoying the food and conversation, it was time to go. Only problem was Melissa just realized she had locked her keys in the car. They entered Jeremys car as he called the police to come bust in to her red Buick. Jeremy started the conversation with the Dispatcher My girlfriend locked her keys in her car, dispatch requested to speak to her to get the rest of the info, Jeremy handed her the phone and as he listened to Melissa talk to dispatch, he realized what he had just said. He was nervous of the implications of those words, but also realized that it felt so natural to say, but it just hadnt been said yet. Jeremy got his reassurance when he heard Melissa tell dispatch she was sitting in her boyfriends car while they waited for the police to arrive. After she hung up, they stared at each other, both grinning from ear to ear. Jeremy asked did we just say what I think we said? To which Melissa replied I think we did, what do you think? Jeremy looked into her eyes and Melissa looked back into Jeremys and then came their first kiss as Boyfriend and Girlfriend.\n\nFor the next six months a relationship blossomed, but all the while Melissa was planning her move to finish school in Charlotte, NC, a plan that had been in motion prior to meeting Jeremy. They both knew that they were feeling something that they had never felt before, and Jeremy wanted to do something really special for her before she moved to Charlotte. Jeremy surprised Melissa with a trip to Las Vegas in February 2007. It was his favorite place to travel and wanted to experience the bright lights and Vegas nights with the woman he was falling in love with. They spent 5 days and 4 nights in Vegas, a place completely foreign to Melissa, but the bright lights, the magic of David Copperfield, the jaw dropping acrobatics in Cirque De Solei, winning $500 on a Deal or No Deal slot machine, and watching Jeremy clean up at the black jack tables showed Melissa why Jeremy loves that town so much. Melissa was feeling her love bloom at all time high levels, and as this trip came to an end, a new part of her life awaited her in Charlotte.\n\nAfter moving to Charlotte in March of 2007, Melissa and Jeremy were now both assured that the feelings they felt for each other were love. The kind of love that once youve had seems impossible to live without. That combined with the distance between them, accelerated a process that most couples expand over years, but Jeremy and Melissa were already sure that they wanted to spend the rest of their lives together. Jeremy proposed on June 30, 2007 while Melissa was in town during a break from school. Melissa accepted the proposal and the yes brought them closer than ever. While she still had to go back to Charlotte, some of their separation anxiety was at ease as they were both now clear of whom they saw their futures with. Melissa continued school in Charlotte, but continued to realize that she missed Jeremy and her family just too much for her to bear. She decided to leave NC later in the year to get a head start on the new life that lay ahead of her.\n                                                                         Melissa moved back to Ohio in January of 2008. Melissa was very excited to move back, but she and Jeremy both decided on a longer engagement so that she could fully focus on finishing school and getting her degree. For the next 3 years Melissa worked hard, focused, and graduated from Virginia Marti College with a degree in Interior Design in June of 2011. So proud of his future wife, Jeremy and Melissa spent the next few months finalizing their wedding date, and will be honored for you to join them on May 12, 2012, at Normandy Party Center in Wickliffe, OH, as they celebrate their relationship and finally make their future official.+-+-+-+-+-+-+-+-+-+-+-+-+-+-+-+-+-+-+-+-+-+-+-+-+-+-+-+-+-+-+-+-+-+-+-+-','2012-01-08 01:35:01','2012-01-08 13:31:39'),(213,555725617,123,'Family','The Charlillo Family+-+-+-+-+-+-+-+-+-+-+-+-The Michael Family+-+-+-+-+-+-Family 2s blurb','2012-01-08 01:35:01','2012-01-08 13:33:04'),(214,2147483647,124,'About Us','How we met+-+-+-+-+-+-Answer+-+-+-+-+-+-One weird fact+-+-+-+-+-+-Answer+-+-+-+-+-+-Our favoriate Activity+-+-+-+-+-+-Answer+-+-+-+-+-+-Something we would like to share+-+-+-+-+-+-Answer','2012-01-09 00:40:42','2012-01-09 00:40:42'),(215,2147483647,124,'Family','Family 1s Name+-+-+-+-+-+-Family 1s blurb+-+-+-+-+-+-Family 2s Name+-+-+-+-+-+-Family 2s blurb','2012-01-09 00:40:42','2012-01-09 00:40:42'),(216,2147483647,125,'About Us','How we met+-+-+-+-+-+-Answer+-+-+-+-+-+-One weird fact+-+-+-+-+-+-Answer+-+-+-+-+-+-Our favoriate Activity+-+-+-+-+-+-Answer+-+-+-+-+-+-Something we would like to share+-+-+-+-+-+-Answer','2012-01-09 00:40:58','2012-01-09 00:40:58'),(217,2147483647,125,'Family','Family 1s Name+-+-+-+-+-+-Family 1s blurb+-+-+-+-+-+-Family 2s Name+-+-+-+-+-+-Family 2s blurb','2012-01-09 00:40:58','2012-01-09 00:40:58'),(218,2147483647,126,'About Us','How we met+-+-+-+-+-+-Answer+-+-+-+-+-+-One weird fact+-+-+-+-+-+-Answer+-+-+-+-+-+-Our favoriate Activity+-+-+-+-+-+-Answer+-+-+-+-+-+-Something we would like to share+-+-+-+-+-+-Answer','2012-01-09 00:42:00','2012-01-09 00:42:00'),(219,2147483647,126,'Family','Family 1s Name+-+-+-+-+-+-Family 1s blurb+-+-+-+-+-+-Family 2s Name+-+-+-+-+-+-Family 2s blurb','2012-01-09 00:42:00','2012-01-09 00:42:00'),(220,2147483647,127,'About Us','How we met+-+-+-+-+-+-Answer+-+-+-+-+-+-One weird fact+-+-+-+-+-+-Answer+-+-+-+-+-+-Our favoriate Activity+-+-+-+-+-+-Answer+-+-+-+-+-+-Something we would like to share+-+-+-+-+-+-Answer','2012-01-09 18:14:28','2012-01-09 18:14:28'),(221,2147483647,127,'Family','Family 1s Name+-+-+-+-+-+-Family 1s blurb+-+-+-+-+-+-Family 2s Name+-+-+-+-+-+-Family 2s blurb','2012-01-09 18:14:28','2012-01-09 18:14:28'),(222,2147483647,128,'About Us','How we met+-+-+-+-+-+-Answer+-+-+-+-+-+-One weird fact+-+-+-+-+-+-Answer+-+-+-+-+-+-Our favoriate Activity+-+-+-+-+-+-Answer+-+-+-+-+-+-Something we would like to share+-+-+-+-+-+-Answer','2012-01-09 18:14:57','2012-01-09 18:14:57'),(223,2147483647,128,'Family','Family 1s Name+-+-+-+-+-+-Family 1s blurb+-+-+-+-+-+-Family 2s Name+-+-+-+-+-+-Family 2s blurb','2012-01-09 18:14:57','2012-01-09 18:14:57'),(224,2147483647,129,'About Us','How we met+-+-+-+-+-+-Answer+-+-+-+-+-+-One weird fact+-+-+-+-+-+-Answer+-+-+-+-+-+-Our favoriate Activity+-+-+-+-+-+-Answer+-+-+-+-+-+-Something we would like to share+-+-+-+-+-+-Answer','2012-01-09 18:14:57','2012-01-09 18:14:57'),(225,2147483647,129,'Family','Family 1s Name+-+-+-+-+-+-Family 1s blurb+-+-+-+-+-+-Family 2s Name+-+-+-+-+-+-Family 2s blurb','2012-01-09 18:14:57','2012-01-09 18:14:57'),(226,2147483647,130,'About Us','How we met+-+-+-+-+-+-Answer+-+-+-+-+-+-One weird fact+-+-+-+-+-+-Answer+-+-+-+-+-+-Our favoriate Activity+-+-+-+-+-+-Answer+-+-+-+-+-+-Something we would like to share+-+-+-+-+-+-Answer','2012-01-09 18:16:52','2012-01-09 18:16:52'),(227,2147483647,130,'Family','Family 1s Name+-+-+-+-+-+-Family 1s blurb+-+-+-+-+-+-Family 2s Name+-+-+-+-+-+-Family 2s blurb','2012-01-09 18:16:52','2012-01-09 18:16:52'),(228,2147483647,131,'About Us','How we met+-+-+-+-+-+-Answer+-+-+-+-+-+-One weird fact+-+-+-+-+-+-Answer+-+-+-+-+-+-Our favoriate Activity+-+-+-+-+-+-Answer+-+-+-+-+-+-Something we would like to share+-+-+-+-+-+-Answer','2012-01-09 18:23:47','2012-01-09 18:23:47'),(229,2147483647,131,'Family','Family 1s Name+-+-+-+-+-+-Family 1s blurb+-+-+-+-+-+-Family 2s Name+-+-+-+-+-+-Family 2s blurb','2012-01-09 18:23:47','2012-01-09 18:23:47'),(230,2147483647,132,'About Us','How we met+-+-+-+-+-+-Answer+-+-+-+-+-+-One weird fact+-+-+-+-+-+-Answer+-+-+-+-+-+-Our favoriate Activity+-+-+-+-+-+-Answer+-+-+-+-+-+-Something we would like to share+-+-+-+-+-+-Answer','2012-01-09 18:24:11','2012-01-09 18:24:11'),(231,2147483647,132,'Family','Family 1s Name+-+-+-+-+-+-Family 1s blurb+-+-+-+-+-+-Family 2s Name+-+-+-+-+-+-Family 2s blurb','2012-01-09 18:24:11','2012-01-09 18:24:11'),(232,2147483647,133,'About Us','How we met+-+-+-+-+-+-Answer+-+-+-+-+-+-One weird fact+-+-+-+-+-+-Answer+-+-+-+-+-+-Our favoriate Activity+-+-+-+-+-+-Answer+-+-+-+-+-+-Something we would like to share+-+-+-+-+-+-Answer','2012-01-09 18:25:35','2012-01-09 18:25:35'),(233,2147483647,133,'Family','Family 1s Name+-+-+-+-+-+-Family 1s blurb+-+-+-+-+-+-Family 2s Name+-+-+-+-+-+-Family 2s blurb','2012-01-09 18:25:35','2012-01-09 18:25:35'),(234,2147483647,134,'About Us','How we met+-+-+-+-+-+-Answer+-+-+-+-+-+-One weird fact+-+-+-+-+-+-Answer+-+-+-+-+-+-Our favoriate Activity+-+-+-+-+-+-Answer+-+-+-+-+-+-Something we would like to share+-+-+-+-+-+-Answer','2012-01-09 18:25:42','2012-01-09 18:25:42'),(235,2147483647,134,'Family','Family 1s Name+-+-+-+-+-+-Family 1s blurb+-+-+-+-+-+-Family 2s Name+-+-+-+-+-+-Family 2s blurb','2012-01-09 18:25:42','2012-01-09 18:25:42'),(236,41101632,135,'About Us','How we met+-+-+-+-+-+-Answer+-+-+-+-+-+-One weird fact+-+-+-+-+-+-Answer+-+-+-+-+-+-Our favoriate Activity+-+-+-+-+-+-Answer+-+-+-+-+-+-Something we would like to share+-+-+-+-+-+-Answer','2012-01-10 15:28:19','2012-01-10 15:28:19'),(237,41101632,135,'Family','Family 1s Name+-+-+-+-+-+-Family 1s blurb+-+-+-+-+-+-Family 2s Name+-+-+-+-+-+-Family 2s blurb','2012-01-10 15:28:19','2012-01-10 15:28:19'),(238,2147483647,136,'About Us','How we met+-+-+-+-+-+-Answer+-+-+-+-+-+-One weird fact+-+-+-+-+-+-Answer+-+-+-+-+-+-Our favoriate Activity+-+-+-+-+-+-Answer+-+-+-+-+-+-Something we would like to share+-+-+-+-+-+-Answer','2012-01-11 06:11:25','2012-01-11 06:11:25'),(239,2147483647,136,'Family','Family 1s Name+-+-+-+-+-+-Family 1s blurb+-+-+-+-+-+-Family 2s Name+-+-+-+-+-+-Family 2s blurb','2012-01-11 06:11:25','2012-01-11 06:11:25'),(240,2147483647,137,'About Us','How we met+-+-+-+-+-+-Answer+-+-+-+-+-+-One weird fact+-+-+-+-+-+-Answer+-+-+-+-+-+-Our favoriate Activity+-+-+-+-+-+-Answer+-+-+-+-+-+-Something we would like to share+-+-+-+-+-+-Answer','2012-01-11 06:11:35','2012-01-11 06:11:35'),(241,2147483647,137,'Family','Family 1s Name+-+-+-+-+-+-Family 1s blurb+-+-+-+-+-+-Family 2s Name+-+-+-+-+-+-Family 2s blurb','2012-01-11 06:11:35','2012-01-11 06:11:35'),(242,2147483647,138,'About Us','How we met+-+-+-+-+-+-Answer+-+-+-+-+-+-One weird fact+-+-+-+-+-+-Answer+-+-+-+-+-+-Our favoriate Activity+-+-+-+-+-+-Answer+-+-+-+-+-+-Something we would like to share+-+-+-+-+-+-Answer','2012-01-11 06:11:58','2012-01-11 06:11:58'),(243,2147483647,138,'Family','Family 1s Name+-+-+-+-+-+-Family 1s blurb+-+-+-+-+-+-Family 2s Name+-+-+-+-+-+-Family 2s blurb','2012-01-11 06:11:58','2012-01-11 06:11:58'),(244,2147483647,139,'About Us','How we met+-+-+-+-+-+-Answer+-+-+-+-+-+-One weird fact+-+-+-+-+-+-Answer+-+-+-+-+-+-Our favoriate Activity+-+-+-+-+-+-Answer+-+-+-+-+-+-Something we would like to share+-+-+-+-+-+-Answer','2012-01-16 11:37:21','2012-01-16 11:37:21'),(245,2147483647,139,'Family','Family 1s Name+-+-+-+-+-+-Family 1s blurb+-+-+-+-+-+-Family 2s Name+-+-+-+-+-+-Family 2s blurb','2012-01-16 11:37:21','2012-01-16 11:37:21'),(246,501342201,140,'About Us','How we met+-+-+-+-+-+-Answer+-+-+-+-+-+-One weird fact+-+-+-+-+-+-Answer+-+-+-+-+-+-Our favoriate Activity+-+-+-+-+-+-Answer+-+-+-+-+-+-Something we would like to share+-+-+-+-+-+-Answer','2012-01-18 00:14:41','2012-01-18 00:14:41'),(247,501342201,140,'Family','Family 1s Name+-+-+-+-+-+-Family 1s blurb+-+-+-+-+-+-Family 2s Name+-+-+-+-+-+-Family 2s blurb','2012-01-18 00:14:41','2012-01-18 00:14:41'),(248,512962711,141,'About Us','How we met+-+-+-+-+-+-Answer+-+-+-+-+-+-One weird fact+-+-+-+-+-+-Answer+-+-+-+-+-+-Our favoriate Activity+-+-+-+-+-+-Answer+-+-+-+-+-+-Something we would like to share+-+-+-+-+-+-Answer','2012-01-19 06:23:16','2012-01-19 06:23:16'),(249,512962711,141,'Family','Family 1s Name+-+-+-+-+-+-Family 1s blurb+-+-+-+-+-+-Family 2s Name+-+-+-+-+-+-Family 2s blurb','2012-01-19 06:23:16','2012-01-19 06:23:16'),(250,1816556086,142,'About Us','How we met+-+-+-+-+-+-Answer+-+-+-+-+-+-One weird fact+-+-+-+-+-+-Answer+-+-+-+-+-+-Our favoriate Activity+-+-+-+-+-+-Answer+-+-+-+-+-+-Something we would like to share+-+-+-+-+-+-Answer','2012-01-22 19:01:13','2012-01-22 19:01:13'),(251,1816556086,142,'Family','Family 1s Name+-+-+-+-+-+-Family 1s blurb+-+-+-+-+-+-Family 2s Name+-+-+-+-+-+-Family 2s blurb','2012-01-22 19:01:13','2012-01-22 19:01:13'),(252,13729810,143,'About Us','How we met+-+-+-+-+-+-Answer+-+-+-+-+-+-One weird fact+-+-+-+-+-+-Answer+-+-+-+-+-+-Our favoriate Activity+-+-+-+-+-+-Answer+-+-+-+-+-+-Something we would like to share+-+-+-+-+-+-Answer','2012-01-23 14:38:57','2012-01-23 14:38:57'),(253,13729810,143,'Family','Family 1s Name+-+-+-+-+-+-Family 1s blurb+-+-+-+-+-+-Family 2s Name+-+-+-+-+-+-Family 2s blurb','2012-01-23 14:38:57','2012-01-23 14:38:57'),(254,1253190064,144,'About Us','How we met+-+-+-+-+-+-Answer+-+-+-+-+-+-One weird fact+-+-+-+-+-+-Answer+-+-+-+-+-+-Our favoriate Activity+-+-+-+-+-+-Answer+-+-+-+-+-+-Something we would like to share+-+-+-+-+-+-Answer','2012-01-24 02:00:38','2012-01-24 02:00:38'),(255,1253190064,144,'Family','Family 1s Name+-+-+-+-+-+-Family 1s blurb+-+-+-+-+-+-Family 2s Name+-+-+-+-+-+-Family 2s blurb','2012-01-24 02:00:38','2012-01-24 02:00:38'),(256,1073508559,145,'About Us','How we met+-+-+-+-+-+-Answer+-+-+-+-+-+-One weird fact+-+-+-+-+-+-Answer+-+-+-+-+-+-Our favoriate Activity+-+-+-+-+-+-Answer+-+-+-+-+-+-Something we would like to share+-+-+-+-+-+-Answer','2012-01-24 11:24:45','2012-01-24 11:24:45'),(257,1073508559,145,'Family','Family 1s Name+-+-+-+-+-+-Family 1s blurb+-+-+-+-+-+-Family 2s Name+-+-+-+-+-+-Family 2s blurb','2012-01-24 11:24:45','2012-01-24 11:24:45'),(258,1726249601,146,'About Us','How we met+-+-+-+-+-+-Answer+-+-+-+-+-+-One weird fact+-+-+-+-+-+-Answer+-+-+-+-+-+-Our favoriate Activity+-+-+-+-+-+-Answer+-+-+-+-+-+-Something we would like to share+-+-+-+-+-+-Answer','2012-01-24 23:31:51','2012-01-24 23:31:51'),(259,1726249601,146,'Family','Family 1s Name+-+-+-+-+-+-Family 1s blurb+-+-+-+-+-+-Family 2s Name+-+-+-+-+-+-Family 2s blurb','2012-01-24 23:31:51','2012-01-24 23:31:51'),(260,2147483647,147,'About Us','How we met+-+-+-+-+-+-Answer+-+-+-+-+-+-One weird fact+-+-+-+-+-+-Answer+-+-+-+-+-+-Our favoriate Activity+-+-+-+-+-+-Answer+-+-+-+-+-+-Something we would like to share+-+-+-+-+-+-Answer','2012-01-27 00:11:41','2012-01-27 00:11:41'),(261,2147483647,147,'Family','Family 1s Name+-+-+-+-+-+-Family 1s blurb+-+-+-+-+-+-Family 2s Name+-+-+-+-+-+-Family 2s blurb','2012-01-27 00:11:41','2012-01-27 00:11:41'),(262,30402479,148,'About Us','How we met+-+-+-+-+-+-Answer+-+-+-+-+-+-One weird fact+-+-+-+-+-+-Answer+-+-+-+-+-+-Our favoriate Activity+-+-+-+-+-+-Answer+-+-+-+-+-+-Something we would like to share+-+-+-+-+-+-Answer','2012-01-31 23:12:10','2012-01-31 23:12:10'),(263,30402479,148,'Family','Family 1s Name+-+-+-+-+-+-Family 1s blurb+-+-+-+-+-+-Family 2s Name+-+-+-+-+-+-Family 2s blurb','2012-01-31 23:12:10','2012-01-31 23:12:10'),(264,2147483647,149,'About Us','How we met+-+-+-+-+-+-Answer+-+-+-+-+-+-One weird fact+-+-+-+-+-+-Answer+-+-+-+-+-+-Our favoriate Activity+-+-+-+-+-+-Answer+-+-+-+-+-+-Something we would like to share+-+-+-+-+-+-Answer','2012-02-06 11:09:55','2012-02-06 11:09:55'),(265,2147483647,149,'Family','Family 1s Name+-+-+-+-+-+-Family 1s blurb+-+-+-+-+-+-Family 2s Name+-+-+-+-+-+-Family 2s blurb','2012-02-06 11:09:55','2012-02-06 11:09:55'),(266,2147483647,150,'About Us','How we met+-+-+-+-+-+-Answer+-+-+-+-+-+-One weird fact+-+-+-+-+-+-Answer+-+-+-+-+-+-Our favoriate Activity+-+-+-+-+-+-Answer+-+-+-+-+-+-Something we would like to share+-+-+-+-+-+-Answer','2012-02-06 11:10:07','2012-02-06 11:10:07'),(267,2147483647,150,'Family','Family 1s Name+-+-+-+-+-+-Family 1s blurb+-+-+-+-+-+-Family 2s Name+-+-+-+-+-+-Family 2s blurb','2012-02-06 11:10:07','2012-02-06 11:10:07'),(268,2147483647,151,'About Us','How we met+-+-+-+-+-+-Answer+-+-+-+-+-+-One weird fact+-+-+-+-+-+-Answer+-+-+-+-+-+-Our favoriate Activity+-+-+-+-+-+-Answer+-+-+-+-+-+-Something we would like to share+-+-+-+-+-+-Answer','2012-02-06 11:10:24','2012-02-06 11:10:24'),(269,2147483647,151,'Family','Family 1s Name+-+-+-+-+-+-Family 1s blurb+-+-+-+-+-+-Family 2s Name+-+-+-+-+-+-Family 2s blurb','2012-02-06 11:10:24','2012-02-06 11:10:24'),(270,2147483647,152,'About Us','How we met+-+-+-+-+-+-Answer+-+-+-+-+-+-One weird fact+-+-+-+-+-+-Answer+-+-+-+-+-+-Our favoriate Activity+-+-+-+-+-+-Answer+-+-+-+-+-+-Something we would like to share+-+-+-+-+-+-Answer','2012-02-06 11:11:30','2012-02-06 11:11:30'),(271,2147483647,152,'Family','Family 1s Name+-+-+-+-+-+-Family 1s blurb+-+-+-+-+-+-Family 2s Name+-+-+-+-+-+-Family 2s blurb','2012-02-06 11:11:30','2012-02-06 11:11:30'),(272,2147483647,153,'About Us','How we met+-+-+-+-+-+-Answer+-+-+-+-+-+-One weird fact+-+-+-+-+-+-Answer+-+-+-+-+-+-Our favoriate Activity+-+-+-+-+-+-Answer+-+-+-+-+-+-Something we would like to share+-+-+-+-+-+-Answer','2012-02-06 11:11:30','2012-02-06 11:11:30'),(273,2147483647,153,'Family','Family 1s Name+-+-+-+-+-+-Family 1s blurb+-+-+-+-+-+-Family 2s Name+-+-+-+-+-+-Family 2s blurb','2012-02-06 11:11:30','2012-02-06 11:11:30'),(274,2147483647,154,'About Us','How we met+-+-+-+-+-+-Answer+-+-+-+-+-+-One weird fact+-+-+-+-+-+-Answer+-+-+-+-+-+-Our favoriate Activity+-+-+-+-+-+-Answer+-+-+-+-+-+-Something we would like to share+-+-+-+-+-+-Answer','2012-02-06 11:12:18','2012-02-06 11:12:18'),(275,2147483647,154,'Family','Family 1s Name+-+-+-+-+-+-Family 1s blurb+-+-+-+-+-+-Family 2s Name+-+-+-+-+-+-Family 2s blurb','2012-02-06 11:12:18','2012-02-06 11:12:18'),(276,2147483647,155,'About Us','How we met+-+-+-+-+-+-Answer+-+-+-+-+-+-One weird fact+-+-+-+-+-+-Answer+-+-+-+-+-+-Our favoriate Activity+-+-+-+-+-+-Answer+-+-+-+-+-+-Something we would like to share+-+-+-+-+-+-Answer','2012-02-06 11:13:57','2012-02-06 11:13:57'),(277,2147483647,155,'Family','Family 1s Name+-+-+-+-+-+-Family 1s blurb+-+-+-+-+-+-Family 2s Name+-+-+-+-+-+-Family 2s blurb','2012-02-06 11:13:57','2012-02-06 11:13:57'),(278,2147483647,156,'About Us','How we met+-+-+-+-+-+-Answer+-+-+-+-+-+-One weird fact+-+-+-+-+-+-Answer+-+-+-+-+-+-Our favoriate Activity+-+-+-+-+-+-Answer+-+-+-+-+-+-Something we would like to share+-+-+-+-+-+-Answer','2012-02-06 12:25:08','2012-02-06 12:25:08'),(279,2147483647,156,'Family','Family 1s Name+-+-+-+-+-+-Family 1s blurb+-+-+-+-+-+-Family 2s Name+-+-+-+-+-+-Family 2s blurb','2012-02-06 12:25:08','2012-02-06 12:25:08'),(280,2147483647,157,'About Us','How we met+-+-+-+-+-+-Answer+-+-+-+-+-+-One weird fact+-+-+-+-+-+-Answer+-+-+-+-+-+-Our favoriate Activity+-+-+-+-+-+-Answer+-+-+-+-+-+-Something we would like to share+-+-+-+-+-+-Answer','2012-02-06 12:26:37','2012-02-06 12:26:37'),(281,2147483647,157,'Family','Family 1s Name+-+-+-+-+-+-Family 1s blurb+-+-+-+-+-+-Family 2s Name+-+-+-+-+-+-Family 2s blurb','2012-02-06 12:26:37','2012-02-06 12:26:37'),(282,48610517,158,'About Us','How we met+-+-+-+-+-+-Answer+-+-+-+-+-+-One weird fact+-+-+-+-+-+-Answer+-+-+-+-+-+-Our favoriate Activity+-+-+-+-+-+-Answer+-+-+-+-+-+-Something we would like to share+-+-+-+-+-+-Answer','2012-02-06 22:22:38','2012-02-06 22:22:38'),(283,48610517,158,'Family','Family 1s Name+-+-+-+-+-+-Family 1s blurb+-+-+-+-+-+-Family 2s Name+-+-+-+-+-+-Family 2s blurb','2012-02-06 22:22:38','2012-02-06 22:22:38'),(284,618653972,159,'About Us','How we met+-+-+-+-+-+-Answer+-+-+-+-+-+-One weird fact+-+-+-+-+-+-Answer+-+-+-+-+-+-Our favoriate Activity+-+-+-+-+-+-Answer+-+-+-+-+-+-Something we would like to share+-+-+-+-+-+-Answer','2012-02-07 00:10:17','2012-02-07 00:10:17'),(285,618653972,159,'Family','Family 1s Name+-+-+-+-+-+-Family 1s blurb+-+-+-+-+-+-Family 2s Name+-+-+-+-+-+-Family 2s blurb','2012-02-07 00:10:17','2012-02-07 00:10:17'),(286,2147483647,160,'About Us','How we met+-+-+-+-+-+-Answer+-+-+-+-+-+-One weird fact+-+-+-+-+-+-Answer+-+-+-+-+-+-Our favoriate Activity+-+-+-+-+-+-Answer+-+-+-+-+-+-Something we would like to share+-+-+-+-+-+-Answer','2012-02-11 04:26:28','2012-02-11 04:26:28'),(287,2147483647,160,'Family','Family 1s Name+-+-+-+-+-+-Family 1s blurb+-+-+-+-+-+-Family 2s Name+-+-+-+-+-+-Family 2s blurb','2012-02-11 04:26:28','2012-02-11 04:26:28'),(288,2147483647,161,'About Us','How we met+-+-+-+-+-+-Answer+-+-+-+-+-+-One weird fact+-+-+-+-+-+-Answer+-+-+-+-+-+-Our favoriate Activity+-+-+-+-+-+-Answer+-+-+-+-+-+-Something we would like to share+-+-+-+-+-+-Answer','2012-02-11 04:26:49','2012-02-11 04:26:49'),(289,2147483647,161,'Family','Family 1s Name+-+-+-+-+-+-Family 1s blurb+-+-+-+-+-+-Family 2s Name+-+-+-+-+-+-Family 2s blurb','2012-02-11 04:26:49','2012-02-11 04:26:49'),(290,2147483647,162,'About Us','How we met+-+-+-+-+-+-Answer+-+-+-+-+-+-One weird fact+-+-+-+-+-+-Answer+-+-+-+-+-+-Our favoriate Activity+-+-+-+-+-+-Answer+-+-+-+-+-+-Something we would like to share+-+-+-+-+-+-Answer','2012-02-11 04:27:23','2012-02-11 04:27:23'),(291,2147483647,162,'Family','Family 1s Name+-+-+-+-+-+-Family 1s blurb+-+-+-+-+-+-Family 2s Name+-+-+-+-+-+-Family 2s blurb','2012-02-11 04:27:23','2012-02-11 04:27:23'),(292,1206522338,163,'About Us','How we met+-+-+-+-+-+-Answer+-+-+-+-+-+-One weird fact+-+-+-+-+-+-Answer+-+-+-+-+-+-Our favoriate Activity+-+-+-+-+-+-Answer+-+-+-+-+-+-Something we would like to share+-+-+-+-+-+-Answer','2012-02-11 09:57:13','2012-02-11 09:57:13'),(293,1206522338,163,'Family','Family 1s Name+-+-+-+-+-+-Family 1s blurb+-+-+-+-+-+-Family 2s Name+-+-+-+-+-+-Family 2s blurb','2012-02-11 09:57:13','2012-02-11 09:57:13'),(294,1206522338,164,'About Us','How we met+-+-+-+-+-+-Answer+-+-+-+-+-+-One weird fact+-+-+-+-+-+-Answer+-+-+-+-+-+-Our favoriate Activity+-+-+-+-+-+-Answer+-+-+-+-+-+-Something we would like to share+-+-+-+-+-+-Answer','2012-02-11 10:01:09','2012-02-11 10:01:09'),(295,1206522338,164,'Family','Villagracia+-+-+-+-+-+-Family 1s blurb+-+-+-+-+-+-Wang+-+-+-+-+-+-Family 2s blurb','2012-02-11 10:01:09','2012-02-11 13:27:59'),(296,2147483647,165,'About Us','How we met+-+-+-+-+-+-Answer+-+-+-+-+-+-One weird fact+-+-+-+-+-+-Answer+-+-+-+-+-+-Our favoriate Activity+-+-+-+-+-+-Answer+-+-+-+-+-+-Something we would like to share+-+-+-+-+-+-Answer','2012-02-11 10:07:52','2012-02-11 10:07:52'),(297,2147483647,165,'Family','Family 1s Name+-+-+-+-+-+-Family 1s blurb+-+-+-+-+-+-Family 2s Name+-+-+-+-+-+-Family 2s blurb','2012-02-11 10:07:52','2012-02-11 10:07:52'),(298,2147483647,166,'About Us','How we met+-+-+-+-+-+-Answer+-+-+-+-+-+-One weird fact+-+-+-+-+-+-Answer+-+-+-+-+-+-Our favoriate Activity+-+-+-+-+-+-Answer+-+-+-+-+-+-Something we would like to share+-+-+-+-+-+-Answer','2012-02-11 10:08:10','2012-02-11 10:08:10'),(299,2147483647,166,'Family','Family 1s Name+-+-+-+-+-+-Family 1s blurb+-+-+-+-+-+-Family 2s Name+-+-+-+-+-+-Family 2s blurb','2012-02-11 10:08:10','2012-02-11 10:08:10'),(300,2147483647,167,'About Us','How we met+-+-+-+-+-+-Answer+-+-+-+-+-+-One weird fact+-+-+-+-+-+-Answer+-+-+-+-+-+-Our favoriate Activity+-+-+-+-+-+-Answer+-+-+-+-+-+-Something we would like to share+-+-+-+-+-+-Answer','2012-02-11 10:08:28','2012-02-11 10:08:28'),(301,2147483647,167,'Family','Family 1s Name+-+-+-+-+-+-Family 1s blurb+-+-+-+-+-+-Family 2s Name+-+-+-+-+-+-Family 2s blurb','2012-02-11 10:08:28','2012-02-11 10:08:28'),(302,2147483647,168,'About Us','How we met+-+-+-+-+-+-Answer+-+-+-+-+-+-One weird fact+-+-+-+-+-+-Answer+-+-+-+-+-+-Our favoriate Activity+-+-+-+-+-+-Answer+-+-+-+-+-+-Something we would like to share+-+-+-+-+-+-Answer','2012-02-11 10:09:06','2012-02-11 10:09:06'),(303,2147483647,168,'Family','Family 1s Name+-+-+-+-+-+-Family 1s blurb+-+-+-+-+-+-Family 2s Name+-+-+-+-+-+-Family 2s blurb','2012-02-11 10:09:06','2012-02-11 10:09:06'),(304,2147483647,169,'About Us','How we met+-+-+-+-+-+-Answer+-+-+-+-+-+-One weird fact+-+-+-+-+-+-Answer+-+-+-+-+-+-Our favoriate Activity+-+-+-+-+-+-Answer+-+-+-+-+-+-Something we would like to share+-+-+-+-+-+-Answer','2012-02-11 10:10:22','2012-02-11 10:10:22'),(305,2147483647,169,'Family','Family 1s Name+-+-+-+-+-+-Family 1s blurb+-+-+-+-+-+-Family 2s Name+-+-+-+-+-+-Family 2s blurb','2012-02-11 10:10:22','2012-02-11 10:10:22'),(306,2147483647,170,'About Us','How we met+-+-+-+-+-+-Answer+-+-+-+-+-+-One weird fact+-+-+-+-+-+-Answer+-+-+-+-+-+-Our favoriate Activity+-+-+-+-+-+-Answer+-+-+-+-+-+-Something we would like to share+-+-+-+-+-+-Answer','2012-02-11 10:14:44','2012-02-11 10:14:44'),(307,2147483647,170,'Family','Family 1s Name+-+-+-+-+-+-Family 1s blurb+-+-+-+-+-+-Family 2s Name+-+-+-+-+-+-Family 2s blurb','2012-02-11 10:14:44','2012-02-11 10:14:44'),(308,2147483647,171,'About Us','How we met+-+-+-+-+-+-Answer+-+-+-+-+-+-One weird fact+-+-+-+-+-+-Answer+-+-+-+-+-+-Our favoriate Activity+-+-+-+-+-+-Answer+-+-+-+-+-+-Something we would like to share+-+-+-+-+-+-Answer','2012-02-11 11:20:54','2012-02-11 11:20:54'),(309,2147483647,171,'Family','Family 1s Name+-+-+-+-+-+-Family 1s blurb+-+-+-+-+-+-Family 2s Name+-+-+-+-+-+-Family 2s blurb','2012-02-11 11:20:54','2012-02-11 11:20:54'),(310,2147483647,172,'About Us','How we met+-+-+-+-+-+-Answer+-+-+-+-+-+-One weird fact+-+-+-+-+-+-Answer+-+-+-+-+-+-Our favoriate Activity+-+-+-+-+-+-Answer+-+-+-+-+-+-Something we would like to share+-+-+-+-+-+-Answer','2012-02-11 11:21:18','2012-02-11 11:21:18'),(311,2147483647,172,'Family','Family 1s Name+-+-+-+-+-+-Family 1s blurb+-+-+-+-+-+-Family 2s Name+-+-+-+-+-+-Family 2s blurb','2012-02-11 11:21:18','2012-02-11 11:21:18'),(312,2147483647,173,'About Us','How we met+-+-+-+-+-+-Answer+-+-+-+-+-+-One weird fact+-+-+-+-+-+-Answer+-+-+-+-+-+-Our favoriate Activity+-+-+-+-+-+-Answer+-+-+-+-+-+-Something we would like to share+-+-+-+-+-+-Answer','2012-02-11 11:21:58','2012-02-11 11:21:58'),(313,2147483647,173,'Family','Family 1s Name+-+-+-+-+-+-Family 1s blurb+-+-+-+-+-+-Family 2s Name+-+-+-+-+-+-Family 2s blurb','2012-02-11 11:21:58','2012-02-11 11:21:58'),(314,2147483647,174,'About Us','How we met+-+-+-+-+-+-Answer+-+-+-+-+-+-One weird fact+-+-+-+-+-+-Answer+-+-+-+-+-+-Our favoriate Activity+-+-+-+-+-+-Answer+-+-+-+-+-+-Something we would like to share+-+-+-+-+-+-Answer','2012-02-11 11:22:41','2012-02-11 11:22:41'),(315,2147483647,174,'Family','Family 1s Name+-+-+-+-+-+-Family 1s blurb+-+-+-+-+-+-Family 2s Name+-+-+-+-+-+-Family 2s blurb','2012-02-11 11:22:41','2012-02-11 11:22:41'),(316,1624226477,175,'About Us','How we met+-+-+-+-+-+-High School Sweethearts+-+-+-+-+-+-One weird fact+-+-+-+-+-+-Answer+-+-+-+-+-+-Our favoriate Activity+-+-+-+-+-+-Laying on couch watching movies.+-+-+-+-+-+-Something we would like to share+-+-+-+-+-+-Answer','2012-02-16 12:42:26','2012-02-16 12:53:23'),(317,1624226477,175,'Family','Family 1s Name+-+-+-+-+-+-Family 1s blurb+-+-+-+-+-+-Family 2s Name+-+-+-+-+-+-Family 2s blurb','2012-02-16 12:42:26','2012-02-16 12:42:26'),(318,1346889370,176,'About Us','How we met+-+-+-+-+-+-Answer+-+-+-+-+-+-One weird fact+-+-+-+-+-+-Answer+-+-+-+-+-+-Our favoriate Activity+-+-+-+-+-+-Answer+-+-+-+-+-+-Something we would like to share+-+-+-+-+-+-Answer','2012-02-16 18:39:09','2012-02-16 18:39:09'),(319,1346889370,176,'Family','Family 1s Name+-+-+-+-+-+-Family 1s blurb+-+-+-+-+-+-Family 2s Name+-+-+-+-+-+-Family 2s blurb','2012-02-16 18:39:09','2012-02-16 18:39:09'),(320,7701848,177,'About Us','How we met+-+-+-+-+-+-Answer+-+-+-+-+-+-One weird fact+-+-+-+-+-+-Answer+-+-+-+-+-+-Our favoriate Activity+-+-+-+-+-+-Answer+-+-+-+-+-+-Something we would like to share+-+-+-+-+-+-Answer','2012-02-17 23:01:07','2012-02-17 23:01:07'),(321,7701848,177,'Family','Family 1s Name+-+-+-+-+-+-Family 1s blurb+-+-+-+-+-+-Family 2s Name+-+-+-+-+-+-Family 2s blurb','2012-02-17 23:01:07','2012-02-17 23:01:07'),(322,585480032,178,'About Us','How we met+-+-+-+-+-+-Answer+-+-+-+-+-+-One weird fact+-+-+-+-+-+-Answer+-+-+-+-+-+-Our favoriate Activity+-+-+-+-+-+-Answer+-+-+-+-+-+-Something we would like to share+-+-+-+-+-+-Answer','2012-02-19 00:21:04','2012-02-19 00:21:04'),(323,585480032,178,'Family','Family 1s Name+-+-+-+-+-+-Family 1s blurb+-+-+-+-+-+-Family 2s Name+-+-+-+-+-+-Family 2s blurb','2012-02-19 00:21:04','2012-02-19 00:21:04'),(324,1247555409,179,'About Us','How we met+-+-+-+-+-+-Answer+-+-+-+-+-+-One weird fact+-+-+-+-+-+-Answer+-+-+-+-+-+-Our favoriate Activity+-+-+-+-+-+-Answer+-+-+-+-+-+-Something we would like to share+-+-+-+-+-+-Answer','2012-02-19 22:32:29','2012-02-19 22:32:29'),(325,1247555409,179,'Family','Family 1s Name+-+-+-+-+-+-Family 1s blurb+-+-+-+-+-+-Family 2s Name+-+-+-+-+-+-Family 2s blurb','2012-02-19 22:32:29','2012-02-19 22:32:29'),(326,1313457330,180,'About Us','How we met+-+-+-+-+-+-Answer+-+-+-+-+-+-One weird fact+-+-+-+-+-+-Answer+-+-+-+-+-+-Our favoriate Activity+-+-+-+-+-+-Answer+-+-+-+-+-+-Something we would like to share+-+-+-+-+-+-Answer','2012-02-26 10:47:21','2012-02-26 10:47:21'),(327,1313457330,180,'Family','Family 1s Name+-+-+-+-+-+-Family 1s blurb+-+-+-+-+-+-Family 2s Name+-+-+-+-+-+-Family 2s blurb','2012-02-26 10:47:22','2012-02-26 10:47:22'),(328,2147483647,181,'About Us','How we met+-+-+-+-+-+-Answer+-+-+-+-+-+-One weird fact+-+-+-+-+-+-Answer+-+-+-+-+-+-Our favoriate Activity+-+-+-+-+-+-Answer+-+-+-+-+-+-Something we would like to share+-+-+-+-+-+-Answer','2012-03-06 14:08:01','2012-03-06 14:08:01'),(329,2147483647,181,'Family','Family 1s Name+-+-+-+-+-+-Family 1s blurb+-+-+-+-+-+-Family 2s Name+-+-+-+-+-+-Family 2s blurb','2012-03-06 14:08:01','2012-03-06 14:08:01'),(330,2147483647,182,'About Us','How we met+-+-+-+-+-+-Answer+-+-+-+-+-+-One weird fact+-+-+-+-+-+-Answer+-+-+-+-+-+-Our favoriate Activity+-+-+-+-+-+-Answer+-+-+-+-+-+-Something we would like to share+-+-+-+-+-+-Answer','2012-03-06 14:18:42','2012-03-06 14:18:42'),(331,2147483647,182,'Family','Family 1s Name+-+-+-+-+-+-Family 1s blurb+-+-+-+-+-+-Family 2s Name+-+-+-+-+-+-Family 2s blurb','2012-03-06 14:18:42','2012-03-06 14:18:42'),(332,2147483647,183,'About Us','How we met+-+-+-+-+-+-Answer+-+-+-+-+-+-One weird fact+-+-+-+-+-+-Answer+-+-+-+-+-+-Our favoriate Activity+-+-+-+-+-+-Answer+-+-+-+-+-+-Something we would like to share+-+-+-+-+-+-Answer','2012-03-06 18:56:19','2012-03-06 18:56:19'),(333,2147483647,183,'Family','Family 1s Name+-+-+-+-+-+-Family 1s blurb+-+-+-+-+-+-Family 2s Name+-+-+-+-+-+-Family 2s blurb','2012-03-06 18:56:19','2012-03-06 18:56:19'),(334,576047543,184,'About Us','How we met+-+-+-+-+-+-Answer+-+-+-+-+-+-One weird fact+-+-+-+-+-+-Answer+-+-+-+-+-+-Our favoriate Activity+-+-+-+-+-+-Answer+-+-+-+-+-+-Something we would like to share+-+-+-+-+-+-Answer','2012-03-08 17:19:37','2012-03-08 17:19:37'),(335,576047543,184,'Family','Family 1s Name+-+-+-+-+-+-Family 1s blurb+-+-+-+-+-+-Family 2s Name+-+-+-+-+-+-Family 2s blurb','2012-03-08 17:19:37','2012-03-08 17:19:37'),(336,1121989716,185,'About Us','How we met+-+-+-+-+-+-Answer+-+-+-+-+-+-One weird fact+-+-+-+-+-+-Answer+-+-+-+-+-+-Our favoriate Activity+-+-+-+-+-+-Answer+-+-+-+-+-+-Something we would like to share+-+-+-+-+-+-Answer','2012-03-11 18:35:13','2012-03-11 18:35:13'),(337,1121989716,185,'Family','Family 1s Name+-+-+-+-+-+-Family 1s blurb+-+-+-+-+-+-Family 2s Name+-+-+-+-+-+-Family 2s blurb','2012-03-11 18:35:13','2012-03-11 18:35:13'),(338,1073829254,186,'About Us','How we met+-+-+-+-+-+-New Year\'s Eve Party at a mutual friends house. Aaron called for a date 4 days later and we have been together ever since!+-+-+-+-+-+-One weird fact+-+-+-+-+-+-+-+-+-+-+-+-Our favoriate Activity+-+-+-+-+-+-Spend time with our son, Gibson!!+-+-+-+-+-+-Something we would like to share+-+-+-+-+-+-Answer','2012-03-13 20:10:44','2012-03-13 20:27:06'),(339,1073829254,186,'Family','Ramirez+-+-+-+-+-+-Family 1s blurb+-+-+-+-+-+-Barr+-+-+-+-+-+-Family 2s blurb','2012-03-13 20:10:44','2012-03-13 20:19:54'),(340,2147483647,187,'About Us','How we met+-+-+-+-+-+-Answer+-+-+-+-+-+-One weird fact+-+-+-+-+-+-Answer+-+-+-+-+-+-Our favoriate Activity+-+-+-+-+-+-Answer+-+-+-+-+-+-Something we would like to share+-+-+-+-+-+-Answer','2012-03-16 21:24:01','2012-03-16 21:24:01'),(341,2147483647,187,'Family','Family 1s Name+-+-+-+-+-+-Family 1s blurb+-+-+-+-+-+-Family 2s Name+-+-+-+-+-+-Family 2s blurb','2012-03-16 21:24:01','2012-03-16 21:24:01'),(342,2147483647,188,'About Us','How we met+-+-+-+-+-+-Answer+-+-+-+-+-+-One weird fact+-+-+-+-+-+-Answer+-+-+-+-+-+-Our favoriate Activity+-+-+-+-+-+-Answer+-+-+-+-+-+-Something we would like to share+-+-+-+-+-+-Answer','2012-03-16 21:24:48','2012-03-16 21:24:48'),(343,2147483647,188,'Family','Family 1s Name+-+-+-+-+-+-Family 1s blurb+-+-+-+-+-+-Family 2s Name+-+-+-+-+-+-Family 2s blurb','2012-03-16 21:24:48','2012-03-16 21:24:48');
/*!40000 ALTER TABLE `arbitrary_page` ENABLE KEYS */;
UNLOCK TABLES;

--
-- Table structure for table `collaboration`
--

DROP TABLE IF EXISTS `collaboration`;
/*!40101 SET @saved_cs_client     = @@character_set_client */;
/*!40101 SET character_set_client = utf8 */;
CREATE TABLE `collaboration` (
  `collaboration_id_seq` int(11) NOT NULL AUTO_INCREMENT,
  `event_id_seq` int(11) DEFAULT NULL,
  `user_id_seq` int(11) DEFAULT NULL,
  `datetime_created` datetime DEFAULT NULL,
  `datetime_modified` datetime DEFAULT NULL,
  PRIMARY KEY (`collaboration_id_seq`)
) ENGINE=MyISAM DEFAULT CHARSET=latin1;
/*!40101 SET character_set_client = @saved_cs_client */;

--
-- Dumping data for table `collaboration`
--

LOCK TABLES `collaboration` WRITE;
/*!40000 ALTER TABLE `collaboration` DISABLE KEYS */;
/*!40000 ALTER TABLE `collaboration` ENABLE KEYS */;
UNLOCK TABLES;

--
-- Table structure for table `event`
--

DROP TABLE IF EXISTS `event`;
/*!40101 SET @saved_cs_client     = @@character_set_client */;
/*!40101 SET character_set_client = utf8 */;
CREATE TABLE `event` (
  `event_id_seq` int(11) NOT NULL AUTO_INCREMENT,
  `user_id_seq` int(11) DEFAULT NULL,
  `name` varchar(256) DEFAULT NULL,
  `description` text NOT NULL,
  `datetime_created` datetime DEFAULT NULL,
  `datetime_modified` datetime DEFAULT NULL,
  PRIMARY KEY (`event_id_seq`)
) ENGINE=MyISAM AUTO_INCREMENT=189 DEFAULT CHARSET=latin1;
/*!40101 SET character_set_client = @saved_cs_client */;

--
-- Dumping data for table `event`
--

LOCK TABLES `event` WRITE;
/*!40000 ALTER TABLE `event` DISABLE KEYS */;
INSERT INTO `event` VALUES (14,1,'test-1','test 1','2011-01-19 14:41:59','2011-01-19 14:41:59'),(15,1,'gkan - event 2','my second event','2011-01-19 15:14:32','2011-01-19 15:14:32'),(16,2,'sbave event 1','sbav event 1 descrip','2011-01-19 15:15:27','2011-01-19 15:15:27'),(17,2,'event','description','2011-01-26 22:28:20','2011-01-26 22:28:20'),(18,1,'Foo2','Foobarbaz','2011-03-21 13:40:29','2011-03-21 13:40:29'),(31,573228966,'My Foo Wedding 8','This is my super foo 8','2011-04-06 02:32:12','2011-04-06 02:32:12'),(27,566708666,'Garlands Wedding','Come to my Wedding!','2011-03-28 02:28:17','2011-03-28 02:28:17'),(30,573228966,'My Foo Wedding 7 ','This is my 7th run in the app ','2011-04-06 00:30:48','2011-04-06 00:30:48'),(29,1772633097,'AnotherFOO_test_2','This is a FOO Test 2 ','2011-04-02 21:34:43','2011-04-02 21:34:43'),(32,566708666,'test-2','','2011-04-21 00:08:03','2011-04-21 00:08:03'),(33,566708666,'Test-3','','2011-04-21 00:32:52','2011-04-21 00:32:52'),(34,566708666,'Test-4','','2011-04-21 00:39:50','2011-04-21 00:39:50'),(35,566708666,'Test-5','','2011-04-21 00:39:59','2011-04-21 00:39:59'),(36,566708666,'Test-6','','2011-04-21 00:40:09','2011-04-21 00:40:09'),(37,566708666,'Yay','','2011-07-25 18:58:00','2011-07-25 18:58:00'),(38,3420169,'Test','','2011-08-22 18:08:40','2011-08-22 18:08:40'),(39,502459737,'Test','','2011-08-22 19:13:55','2011-08-22 19:13:55'),(40,502459737,'Test','','2011-08-22 19:33:58','2011-08-22 19:33:58'),(41,566708666,'Temp','','2011-08-22 19:35:06','2011-08-22 19:35:06'),(42,502459737,'Ghi','','2011-08-22 20:11:47','2011-08-22 20:11:47'),(43,566708666,'Test-7','','2011-08-23 12:45:39','2011-08-23 12:45:39'),(44,566708666,'Test-8','','2011-08-23 12:47:46','2011-08-23 12:47:46'),(45,566708666,'Test-9','','2011-08-23 15:13:57','2011-08-23 15:13:57'),(46,566708666,'test10','','2011-08-26 17:55:59','2011-08-26 17:55:59'),(47,566708666,'test11','','2011-08-26 17:56:56','2011-08-26 17:56:56'),(48,2147483647,'18','','2011-08-30 17:15:46','2011-08-30 17:15:46'),(49,1537999733,'asdfasdf','','2011-08-31 10:23:39','2011-08-31 10:23:39'),(50,7303784,'Test','','2011-09-07 12:55:36','2011-09-07 12:55:36'),(51,566708666,'Ttttt','','2011-09-09 02:38:46','2011-09-09 02:38:46'),(52,502459737,'Tester','','2011-09-18 22:19:01','2011-09-18 22:19:01'),(53,1559003661,'Ogden','','2011-09-22 17:41:12','2011-09-22 17:41:12'),(54,702553430,'Dondi-Mimi','','2011-09-23 07:03:35','2011-09-23 07:03:35'),(55,655488607,'T','','2011-09-25 16:47:25','2011-09-25 16:47:25'),(56,655488607,'T','','2011-09-25 16:47:25','2011-09-25 16:47:25'),(57,2147483647,'Kookie\'s','','2011-09-28 05:03:37','2011-09-28 05:03:37'),(58,2147483647,'Kookie\'s','','2011-09-28 05:03:42','2011-09-28 05:03:42'),(59,1429811671,'Atkinson-Choake','','2011-09-28 11:25:26','2011-09-28 11:25:26'),(60,566708666,'Test','','2011-10-02 12:37:44','2011-10-02 12:37:44'),(61,1044334056,'Bobandjenny','','2011-10-02 12:38:02','2011-10-02 12:38:02'),(62,655488607,'JaneAndJane','','2011-10-02 12:38:05','2011-10-02 12:38:05'),(63,655488607,'Rrr','','2011-10-02 12:46:26','2011-10-02 12:46:26'),(64,566708666,'D d','','2011-10-02 20:53:19','2011-10-02 20:53:19'),(65,566708666,'D d','','2011-10-02 20:56:05','2011-10-02 20:56:05'),(66,566708666,'D d','','2011-10-02 20:57:34','2011-10-02 20:57:34'),(67,566708666,'hey','','2011-10-02 20:58:20','2011-10-02 20:58:20'),(68,566708666,'Jake & Jane','','2011-10-02 21:00:08','2011-10-02 21:00:08'),(69,566708666,'Jake + Jane','','2011-10-02 21:00:21','2011-10-02 21:00:21'),(70,566708666,'Me and so','','2011-10-02 21:11:59','2011-10-02 21:11:59'),(71,566708666,'Bob and Mary','','2011-10-06 00:33:40','2011-10-06 00:33:40'),(72,1758828807,'Samah','','2011-10-06 23:59:49','2011-10-06 23:59:49'),(73,1072175696,'Kelley & Charles','','2011-10-10 22:44:49','2011-10-10 22:44:49'),(74,1044334056,'Mary and bob','','2011-10-12 10:43:53','2011-10-12 10:43:53'),(75,566708666,'Hey there','','2011-10-12 19:56:35','2011-10-12 19:56:35'),(76,2147483647,'Eric & Misty','','2011-10-14 12:45:36','2011-10-14 12:45:36'),(77,2147483647,'Eric & Misty','','2011-10-14 12:46:00','2011-10-14 12:46:00'),(78,564120279,'Test','','2011-10-15 04:03:04','2011-10-15 04:03:04'),(79,1043917288,'Katy and Mike','','2011-10-17 11:57:15','2011-10-17 11:57:15'),(80,1642411546,'Rivera - Flores wedding','','2011-10-20 13:22:52','2011-10-20 13:22:52'),(81,1040130026,'Ballin\'','','2011-10-23 01:24:26','2011-10-23 01:24:26'),(82,564120279,'Ft','','2011-10-25 08:49:50','2011-10-25 08:49:50'),(83,564120279,'Frtg','','2011-10-25 08:49:58','2011-10-25 08:49:58'),(84,564120279,'Ttvd','','2011-10-25 08:50:03','2011-10-25 08:50:03'),(85,564120279,'Fdkjssbs','','2011-10-25 08:50:11','2011-10-25 08:50:11'),(86,564120279,'Sisisjdj','','2011-10-25 08:50:19','2011-10-25 08:50:19'),(87,2147483647,'Joseph & Marissa','','2011-10-28 23:15:56','2011-10-28 23:15:56'),(88,2147483647,'Alfonso N Lupita','','2011-10-29 14:23:38','2011-10-29 14:23:38'),(89,2147483647,'Alfonso N Lupita','','2011-10-29 14:23:39','2011-10-29 14:23:39'),(90,2147483647,'Alfonso N Lupita ','','2011-10-29 14:24:17','2011-10-29 14:24:17'),(91,1617025315,'Jirene 59','','2011-10-29 23:06:48','2011-10-29 23:06:48'),(92,2147483647,'Sarah & Claye','','2011-10-31 07:49:29','2011-10-31 07:49:29'),(93,2147483647,'Sarah & Claye','','2011-10-31 07:50:57','2011-10-31 07:50:57'),(94,2147483647,'Sarah.','','2011-10-31 07:54:39','2011-10-31 07:54:39'),(95,2147483647,'Derek&brandy','','2011-11-05 23:58:16','2011-11-05 23:58:16'),(96,2147483647,'Derek & Brandy','','2011-11-05 23:58:47','2011-11-05 23:58:47'),(97,534957441,'Ray & Rachel','','2011-11-06 10:27:41','2011-11-06 10:27:41'),(98,1406077890,'Alex & Valentina ','','2011-11-08 03:45:59','2011-11-08 03:45:59'),(99,1419406156,'Baker runkle','','2011-11-09 16:18:29','2011-11-09 16:18:29'),(100,539120308,'Lauren and Adam\'s Wedding','','2011-11-11 04:33:40','2011-11-11 04:33:40'),(101,2147483647,'Viva Las Vegas Wedding','','2011-11-20 00:30:22','2011-11-20 00:30:22'),(102,2147483647,'Viva Las Vegas! Thala & David Wedding','','2011-11-20 02:13:20','2011-11-20 02:13:20'),(103,524847039,'Utopia','','2011-11-21 23:40:48','2011-11-21 23:40:48'),(104,30307528,'Sharp Smith Wedding','','2011-11-26 02:20:29','2011-11-26 02:20:29'),(105,1320909789,'Snieski Wedding','','2011-11-27 13:54:32','2011-11-27 13:54:32'),(106,798165424,'Henry- McClain wedding retreat','','2011-11-30 08:04:47','2011-11-30 08:04:47'),(107,753877658,'Sarah and Stuart','','2011-12-01 16:38:12','2011-12-01 16:38:12'),(108,506722166,'Dean & Michelle','','2011-12-03 01:24:07','2011-12-03 01:24:07'),(109,1174788935,'Double C\'s','','2011-12-14 22:37:04','2011-12-14 22:37:04'),(110,2147483647,'Eric and Melanie','','2011-12-18 17:40:53','2011-12-18 17:40:53'),(111,2147483647,'Eric and Melanie','','2011-12-18 17:41:16','2011-12-18 17:41:16'),(112,2147483647,'Mel and Eric','','2011-12-18 17:44:58','2011-12-18 17:44:58'),(113,2147483647,'Mel and Eric ','','2011-12-18 17:46:24','2011-12-18 17:46:24'),(114,1646303878,'Colin Winkley & Paula Carrera','','2011-12-18 18:09:12','2011-12-18 18:09:12'),(115,670130607,'Stu and Caroline\'s Winter Wedding','','2011-12-22 17:13:36','2011-12-22 17:13:36'),(116,602514169,'Malloy','','2011-12-28 17:09:46','2011-12-28 17:09:46'),(117,1781635808,'Shawn & Rebecca','','2012-01-02 00:29:25','2012-01-02 00:29:25'),(118,2147483647,'Rachel N Casey','','2012-01-02 19:41:55','2012-01-02 19:41:55'),(119,2147483647,'Western','','2012-01-02 19:42:30','2012-01-02 19:42:30'),(120,2147483647,'Western','','2012-01-02 21:04:10','2012-01-02 21:04:10'),(121,1082454201,'Ethanandolivia','','2012-01-03 13:31:04','2012-01-03 13:31:04'),(122,1516350048,'Koonce Wedding','','2012-01-07 00:12:41','2012-01-07 00:12:41'),(123,555725617,'Melissa and Jeremy\'s Wedding','','2012-01-08 01:35:01','2012-01-08 01:35:01'),(124,2147483647,'Andrea Rojo and Hector Rojo','','2012-01-09 00:40:42','2012-01-09 00:40:42'),(125,2147483647,'Hector','','2012-01-09 00:40:58','2012-01-09 00:40:58'),(126,2147483647,'Andrea and Hectors wedding','','2012-01-09 00:42:00','2012-01-09 00:42:00'),(127,2147483647,'Sarai and Ernesto','','2012-01-09 18:14:28','2012-01-09 18:14:28'),(128,2147483647,'Sarai and Ernesto','','2012-01-09 18:14:57','2012-01-09 18:14:57'),(129,2147483647,'Sarai and Ernesto','','2012-01-09 18:14:57','2012-01-09 18:14:57'),(130,2147483647,'Ernesto','','2012-01-09 18:16:52','2012-01-09 18:16:52'),(131,2147483647,'Sarai and Ernesto','','2012-01-09 18:23:47','2012-01-09 18:23:47'),(132,2147483647,'Sarai and Ernesto','','2012-01-09 18:24:11','2012-01-09 18:24:11'),(133,2147483647,'Ernesto','','2012-01-09 18:25:35','2012-01-09 18:25:35'),(134,2147483647,'Er','','2012-01-09 18:25:42','2012-01-09 18:25:42'),(135,41101632,'Alicia Kerr and Ben Carr','','2012-01-10 15:28:19','2012-01-10 15:28:19'),(136,2147483647,'love','','2012-01-11 06:11:25','2012-01-11 06:11:25'),(137,2147483647,'love','','2012-01-11 06:11:35','2012-01-11 06:11:35'),(138,2147483647,'randywedding','','2012-01-11 06:11:58','2012-01-11 06:11:58'),(139,2147483647,'Judy and Daniel ','','2012-01-16 11:37:21','2012-01-16 11:37:21'),(140,501342201,'Jane Foisy And Brian Beatty','','2012-01-18 00:14:41','2012-01-18 00:14:41'),(141,512962711,'Calvin & Belle Wedding','','2012-01-19 06:23:16','2012-01-19 06:23:16'),(142,1816556086,'Wedding ','','2012-01-22 19:01:13','2012-01-22 19:01:13'),(143,13729810,'Samantha and Christopher','','2012-01-23 14:38:57','2012-01-23 14:38:57'),(144,1253190064,'Marquez and Brittney','','2012-01-24 02:00:38','2012-01-24 02:00:38'),(145,1073508559,'White','','2012-01-24 11:24:45','2012-01-24 11:24:45'),(146,1726249601,'Rosa & Nicolas ','','2012-01-24 23:31:51','2012-01-24 23:31:51'),(147,2147483647,'Amy','','2012-01-27 00:11:41','2012-01-27 00:11:41'),(148,30402479,'Wills & Mosey','','2012-01-31 23:12:10','2012-01-31 23:12:10'),(149,2147483647,'Brooke&Cory','','2012-02-06 11:09:55','2012-02-06 11:09:55'),(150,2147483647,'Gile','','2012-02-06 11:10:07','2012-02-06 11:10:07'),(151,2147483647,'Brooke and Cory','','2012-02-06 11:10:24','2012-02-06 11:10:24'),(152,2147483647,'Gile ','','2012-02-06 11:11:30','2012-02-06 11:11:30'),(153,2147483647,'Gile ','','2012-02-06 11:11:30','2012-02-06 11:11:30'),(154,2147483647,'Gile ','','2012-02-06 11:12:18','2012-02-06 11:12:18'),(155,2147483647,'Gile','','2012-02-06 11:13:57','2012-02-06 11:13:57'),(156,2147483647,'Gile','','2012-02-06 12:25:08','2012-02-06 12:25:08'),(157,2147483647,'Gile','','2012-02-06 12:26:37','2012-02-06 12:26:37'),(158,48610517,'Gentile-Hoffman','','2012-02-06 22:22:38','2012-02-06 22:22:38'),(159,618653972,'Rrr','','2012-02-07 00:10:17','2012-02-07 00:10:17'),(160,2147483647,'Tracy and Jason','','2012-02-11 04:26:28','2012-02-11 04:26:28'),(161,2147483647,'Tracy and Jason ','','2012-02-11 04:26:49','2012-02-11 04:26:49'),(162,2147483647,'Tracy and Jason ','','2012-02-11 04:27:23','2012-02-11 04:27:23'),(163,1206522338,'Beverly Villagracia and Eugene Wang ','','2012-02-11 09:57:13','2012-02-11 09:57:13'),(164,1206522338,'Beverly and Eugene ','','2012-02-11 10:01:09','2012-02-11 10:01:09'),(165,2147483647,'Beverly and Eugene ','','2012-02-11 10:07:52','2012-02-11 10:07:52'),(166,2147483647,'Beverly and Eugene ','','2012-02-11 10:08:10','2012-02-11 10:08:10'),(167,2147483647,'Beverly','','2012-02-11 10:08:28','2012-02-11 10:08:28'),(168,2147483647,'Eugene and beverly ','','2012-02-11 10:09:06','2012-02-11 10:09:06'),(169,2147483647,'Eyw','','2012-02-11 10:10:22','2012-02-11 10:10:22'),(170,2147483647,'Beverly','','2012-02-11 10:14:44','2012-02-11 10:14:44'),(171,2147483647,'beverly and eugene','','2012-02-11 11:20:54','2012-02-11 11:20:54'),(172,2147483647,'Eugene and bevs','','2012-02-11 11:21:18','2012-02-11 11:21:18'),(173,2147483647,'bevs and eugene ','','2012-02-11 11:21:58','2012-02-11 11:21:58'),(174,2147483647,'Chinese wedding','','2012-02-11 11:22:41','2012-02-11 11:22:41'),(175,1624226477,'Brandy & Ocqueem\'s 20th Anniversary Vow Renewal','','2012-02-16 12:42:26','2012-02-16 12:42:26'),(176,1346889370,'Hines','','2012-02-16 18:39:09','2012-02-16 18:39:09'),(177,7701848,'Andrew and Laura\'s Wedding','','2012-02-17 23:01:07','2012-02-17 23:01:07'),(178,585480032,'Sivaraman Weds Saranya','','2012-02-19 00:21:04','2012-02-19 00:21:04'),(179,1247555409,'LeavyKlein','','2012-02-19 22:32:29','2012-02-19 22:32:29'),(180,1313457330,'Carol and Guy','','2012-02-26 10:47:21','2012-02-26 10:47:21'),(181,2147483647,'Ana Salinas and Joseph Walker','','2012-03-06 14:08:01','2012-03-06 14:08:01'),(182,2147483647,'Ana Salinas and Joseph Walker','','2012-03-06 14:18:42','2012-03-06 14:18:42'),(183,2147483647,'Ana Salinas and Joseph Walker','','2012-03-06 18:56:19','2012-03-06 18:56:19'),(184,576047543,'Young','','2012-03-08 17:19:37','2012-03-08 17:19:37'),(185,1121989716,'Val and Alex','','2012-03-11 18:35:13','2012-03-11 18:35:13'),(186,1073829254,'Aaron and Ashley','','2012-03-13 20:10:44','2012-03-13 20:10:44'),(187,2147483647,'CJ && Amarantha','','2012-03-16 21:24:01','2012-03-16 21:24:01'),(188,2147483647,'CJ && Amarantha ','','2012-03-16 21:24:48','2012-03-16 21:24:48');
/*!40000 ALTER TABLE `event` ENABLE KEYS */;
UNLOCK TABLES;

--
-- Table structure for table `event_info`
--

DROP TABLE IF EXISTS `event_info`;
/*!40101 SET @saved_cs_client     = @@character_set_client */;
/*!40101 SET character_set_client = utf8 */;
CREATE TABLE `event_info` (
  `event_info_id_seq` int(11) NOT NULL AUTO_INCREMENT,
  `user_id_seq` int(11) DEFAULT NULL,
  `event_id_seq` int(11) DEFAULT NULL,
  `name` varchar(256) DEFAULT NULL,
  `description` blob,
  `location` varchar(256) DEFAULT NULL,
  `location_geo_lat` float DEFAULT NULL,
  `location_geo_long` float DEFAULT NULL,
  `host` varchar(256) DEFAULT NULL,
  `phone` varchar(256) DEFAULT NULL,
  `location_name` varchar(256) DEFAULT NULL,
  `address` varchar(256) DEFAULT NULL,
  `city` varchar(256) DEFAULT NULL,
  `state` varchar(256) DEFAULT NULL,
  `zip` varchar(256) DEFAULT NULL,
  `when` varchar(256) DEFAULT NULL,
  `to` varchar(256) DEFAULT NULL,
  `message` blob,
  `datetime_created` datetime DEFAULT NULL,
  `datetime_modified` datetime DEFAULT NULL,
  `location_name2` varchar(255) DEFAULT NULL,
  `address2` varchar(255) DEFAULT NULL,
  `city2` varchar(255) DEFAULT NULL,
  `state2` varchar(255) DEFAULT NULL,
  `zip2` varchar(255) DEFAULT NULL,
  `location2` varchar(255) DEFAULT NULL,
  `location_geo_lat2` varchar(255) DEFAULT NULL,
  `location_geo_long2` varchar(255) DEFAULT NULL,
  PRIMARY KEY (`event_info_id_seq`)
) ENGINE=MyISAM AUTO_INCREMENT=164 DEFAULT CHARSET=latin1;
/*!40101 SET character_set_client = @saved_cs_client */;

--
-- Dumping data for table `event_info`
--

LOCK TABLES `event_info` WRITE;
/*!40000 ALTER TABLE `event_info` DISABLE KEYS */;
INSERT INTO `event_info` VALUES (2,566708666,27,'Joe & Mary','Because you have shared in our lives by your friendship and love, we Mary and Joe together with our parents invite you to share the beginning of our new life together when we exchange marriage vows on Friday, the ninth of May two thousand eleven.','2222 broadway street,San francisco,Ca',37.7944,-122.434,NULL,'415-273-1920','Saint Mary\'e Wedding Hall','2222 broadway street','San francisco','Ca','94115','November 11th, 2011','','','2011-03-28 02:28:17','2011-10-16 16:55:10','St Francis Hotel','335 Powell Street','San Francisco','CA','94102','335 Powell Street,San Francisco,CA','37.787666','-122.408279'),(5,573228966,30,'My special foo 7','this is my super special foo description 7','222 north rodeo drive,beverly hills,ca',34.0676,-118.401,'garland','41639181818181818','foo','222 north rodeo drive','beverly hills','ca','90210','9am','9pm','love you all come to my foo','2011-04-06 00:30:48','2011-04-06 00:31:34',NULL,NULL,NULL,NULL,NULL,NULL,NULL,NULL),(4,1772633097,29,'','',NULL,NULL,NULL,NULL,NULL,NULL,NULL,NULL,NULL,NULL,NULL,NULL,NULL,'2011-04-02 21:34:43','2011-04-02 21:34:43',NULL,NULL,NULL,NULL,NULL,NULL,NULL,NULL),(6,573228966,31,'The name of my kid','My description ',',,',0,0,'','',',,','','','','90210','','','Love you all ','2011-04-06 02:32:12','2011-04-06 21:50:34',NULL,NULL,NULL,NULL,NULL,NULL,NULL,NULL),(7,566708666,32,'Some thing 2','Because you have shared in our lives by your friendship and love, we <Bride> and <Groom> together with our parents invite you to share the beginning of our new life together when we exchange marriage vows on Friday, the ninth of May two thousand eleventh...holy...chichivvbb2','909 van ness,San Francisco,Ca',37.784,-122.421,NULL,'415-377-6633','Saint Mary','909 van ness','San Francisco','Ca','94109','September 3, 2012','','','2011-04-21 00:08:03','2011-10-16 20:57:51','Location place 2','332 crescent ct','Brisbane','Ca','94005','332 crescent ct,Brisbane,Ca','37.692661','-122.416409'),(8,566708666,33,'','Because you have shared in our lives by your friendship and love, we <Bride> and <Groom> together with our parents invite you to share the beginning of our new life together when we exchange marriage vows on Friday, the ninth of May two thousand eleventh','332 crescent ct,Brisbane,Ca',37.6927,-122.416,NULL,'415.377.6633','Location 1','332 crescent ct','Brisbane','Ca','94005','June 23,2013','','','2011-04-21 00:32:52','2011-10-16 17:23:05','My house','1333 Lillian ave','San leandro','Ca','94578','1333 Lillian ave,San leandro,Ca','37.707237','-122.134237'),(9,566708666,34,'','',NULL,NULL,NULL,NULL,NULL,NULL,NULL,NULL,NULL,NULL,NULL,NULL,NULL,'2011-04-21 00:39:50','2011-04-21 00:39:50',NULL,NULL,NULL,NULL,NULL,NULL,NULL,NULL),(10,566708666,35,'','',NULL,NULL,NULL,NULL,NULL,NULL,NULL,NULL,NULL,NULL,NULL,NULL,NULL,'2011-04-21 00:39:59','2011-04-21 00:39:59',NULL,NULL,NULL,NULL,NULL,NULL,NULL,NULL),(11,566708666,36,'','',NULL,NULL,NULL,NULL,NULL,NULL,NULL,NULL,NULL,NULL,NULL,NULL,NULL,'2011-04-21 00:40:09','2011-04-21 00:40:09',NULL,NULL,NULL,NULL,NULL,NULL,NULL,NULL),(21,566708666,46,'','',NULL,NULL,NULL,NULL,NULL,NULL,NULL,NULL,NULL,NULL,NULL,NULL,NULL,'2011-08-26 17:55:59','2011-08-26 17:55:59',NULL,NULL,NULL,NULL,NULL,NULL,NULL,NULL),(14,502459737,39,'Test','Test','5 results way,Cupertino ,Ca',37.3165,-122.05,'Test','7034445555','Backyard','5 results way','Cupertino ','Ca','94043 ','04/23/2012','04/24/2012','Test wedding','2011-08-22 19:13:55','2011-08-22 19:16:41',NULL,NULL,NULL,NULL,NULL,NULL,NULL,NULL),(12,566708666,37,'','',NULL,NULL,NULL,NULL,NULL,NULL,NULL,NULL,NULL,NULL,NULL,NULL,NULL,'2011-07-25 18:58:00','2011-07-25 18:58:00',NULL,NULL,NULL,NULL,NULL,NULL,NULL,NULL),(13,3420169,38,'','',NULL,NULL,NULL,NULL,NULL,NULL,NULL,NULL,NULL,NULL,NULL,NULL,NULL,'2011-08-22 18:08:40','2011-08-22 18:08:40',NULL,NULL,NULL,NULL,NULL,NULL,NULL,NULL),(15,502459737,40,'','',NULL,NULL,NULL,NULL,NULL,NULL,NULL,NULL,NULL,NULL,NULL,NULL,NULL,'2011-08-22 19:33:58','2011-08-22 19:33:58',NULL,NULL,NULL,NULL,NULL,NULL,NULL,NULL),(16,566708666,41,'','',NULL,NULL,NULL,NULL,NULL,NULL,NULL,NULL,NULL,NULL,NULL,NULL,NULL,'2011-08-22 19:35:06','2011-08-22 19:35:06',NULL,NULL,NULL,NULL,NULL,NULL,NULL,NULL),(17,502459737,42,'Hugh','Tf',',,',0,0,'BBC','Vvhj','','','','','','','','','2011-08-22 20:11:47','2011-08-22 20:12:44',NULL,NULL,NULL,NULL,NULL,NULL,NULL,NULL),(18,566708666,43,'','',NULL,NULL,NULL,NULL,NULL,NULL,NULL,NULL,NULL,NULL,NULL,NULL,NULL,'2011-08-23 12:45:39','2011-08-23 12:45:39',NULL,NULL,NULL,NULL,NULL,NULL,NULL,NULL),(19,566708666,44,'','',NULL,NULL,NULL,NULL,NULL,NULL,NULL,NULL,NULL,NULL,NULL,NULL,NULL,'2011-08-23 12:47:46','2011-08-23 12:47:46',NULL,NULL,NULL,NULL,NULL,NULL,NULL,NULL),(20,566708666,45,'Yes','Because you have shared in our lives by your friendship and love, we <Bride> and <Groom> together with our parents invite you to share the beginning of our new life together when we exchange marriage vows on Friday, the ninth of May two thousand eleventh',',,',0,0,'','','','','','','','','','','2011-08-23 15:13:57','2011-08-23 15:14:20',NULL,NULL,NULL,NULL,NULL,NULL,NULL,NULL),(22,566708666,47,'','',NULL,NULL,NULL,NULL,NULL,NULL,NULL,NULL,NULL,NULL,NULL,NULL,NULL,'2011-08-26 17:56:56','2011-08-26 17:56:56',NULL,NULL,NULL,NULL,NULL,NULL,NULL,NULL),(23,2147483647,48,'','',NULL,NULL,NULL,NULL,NULL,NULL,NULL,NULL,NULL,NULL,NULL,NULL,NULL,'2011-08-30 17:15:46','2011-08-30 17:15:46',NULL,NULL,NULL,NULL,NULL,NULL,NULL,NULL),(24,1537999733,49,'','',NULL,NULL,NULL,NULL,NULL,NULL,NULL,NULL,NULL,NULL,NULL,NULL,NULL,'2011-08-31 10:23:39','2011-08-31 10:23:39',NULL,NULL,NULL,NULL,NULL,NULL,NULL,NULL),(25,7303784,50,'','',NULL,NULL,NULL,NULL,NULL,NULL,NULL,NULL,NULL,NULL,NULL,NULL,NULL,'2011-09-07 12:55:36','2011-09-07 12:55:36',NULL,NULL,NULL,NULL,NULL,NULL,NULL,NULL),(26,566708666,51,'','',NULL,NULL,NULL,NULL,NULL,NULL,NULL,NULL,NULL,NULL,NULL,NULL,NULL,'2011-09-09 02:38:46','2011-09-09 02:38:46',NULL,NULL,NULL,NULL,NULL,NULL,NULL,NULL),(27,502459737,52,'','',NULL,NULL,NULL,NULL,NULL,NULL,NULL,NULL,NULL,NULL,NULL,NULL,NULL,'2011-09-18 22:19:01','2011-09-18 22:19:01',NULL,NULL,NULL,NULL,NULL,NULL,NULL,NULL),(28,1559003661,53,'Ogden wedding','Because you have shared in our lives by your friendship and love, we terri and chris together with our parents invite you to share the beginning of our new life together when we exchange marriage vows on Sunday the thirteenth of November two thousand eleven','14135 Laramie trail,Montgomery,Tx',30.3138,-95.5783,'Donna Coborn','281-806-4943','14135 Laramie trail,Montgomery,Tx','14135 Laramie trail','Montgomery','Tx','77316','November 13, 2011','','','2011-09-22 17:41:12','2011-09-22 19:54:34',NULL,NULL,NULL,NULL,NULL,NULL,NULL,NULL),(29,702553430,54,'Dondi-Mimi','Because you have shared in our lives by your friendship and love, we Dondi and Mimi together with our parents invite you to share the beginning of our new life together when we exchange marriage vows on Saturday the twenty fourth of November two thousand twelve',',,',0,0,'','','Caleruega','','','','','November 24, 2012','','','2011-09-23 07:03:35','2011-09-23 07:09:20',NULL,NULL,NULL,NULL,NULL,NULL,NULL,NULL),(30,655488607,55,'','',NULL,NULL,NULL,NULL,NULL,NULL,NULL,NULL,NULL,NULL,NULL,NULL,NULL,'2011-09-25 16:47:25','2011-09-25 16:47:25',NULL,NULL,NULL,NULL,NULL,NULL,NULL,NULL),(31,655488607,56,'','',NULL,NULL,NULL,NULL,NULL,NULL,NULL,NULL,NULL,NULL,NULL,NULL,NULL,'2011-09-25 16:47:25','2011-09-25 16:47:25',NULL,NULL,NULL,NULL,NULL,NULL,NULL,NULL),(32,2147483647,57,'','',NULL,NULL,NULL,NULL,NULL,NULL,NULL,NULL,NULL,NULL,NULL,NULL,NULL,'2011-09-28 05:03:37','2011-09-28 05:03:37',NULL,NULL,NULL,NULL,NULL,NULL,NULL,NULL),(33,2147483647,58,'','',NULL,NULL,NULL,NULL,NULL,NULL,NULL,NULL,NULL,NULL,NULL,NULL,NULL,'2011-09-28 05:03:42','2011-09-28 05:03:42',NULL,NULL,NULL,NULL,NULL,NULL,NULL,NULL),(34,1429811671,59,'The Atkinson-Choake Wedding','Because you have shared in our lives by your friendship and love, we <Bride> and <Groom> together with our parents invite you to share the beginning of our new life together when we exchange marriage vows on Friday, the ninth of May two thousand eleventh',',,',0,0,'Mark & Stephanie Atkinson-Choake','07930340348','','','','','','12 February 2012','','','2011-09-28 11:25:26','2011-10-31 19:52:33','Chester le Street Cricket Club','','','','',',,','0','0'),(35,566708666,60,'','',NULL,NULL,NULL,NULL,NULL,NULL,NULL,NULL,NULL,NULL,NULL,NULL,NULL,'2011-10-02 12:37:44','2011-10-02 12:37:44',NULL,NULL,NULL,NULL,NULL,NULL,NULL,NULL),(36,1044334056,61,'','',NULL,NULL,NULL,NULL,NULL,NULL,NULL,NULL,NULL,NULL,NULL,NULL,NULL,'2011-10-02 12:38:02','2011-10-02 12:38:02',NULL,NULL,NULL,NULL,NULL,NULL,NULL,NULL),(37,655488607,62,'','',NULL,NULL,NULL,NULL,NULL,NULL,NULL,NULL,NULL,NULL,NULL,NULL,NULL,'2011-10-02 12:38:05','2011-10-02 12:38:05',NULL,NULL,NULL,NULL,NULL,NULL,NULL,NULL),(38,655488607,63,'','',NULL,NULL,NULL,NULL,NULL,NULL,NULL,NULL,NULL,NULL,NULL,NULL,NULL,'2011-10-02 12:46:27','2011-10-02 12:46:27',NULL,NULL,NULL,NULL,NULL,NULL,NULL,NULL),(39,566708666,64,'','',NULL,NULL,NULL,NULL,NULL,NULL,NULL,NULL,NULL,NULL,NULL,NULL,NULL,'2011-10-02 20:53:19','2011-10-02 20:53:19',NULL,NULL,NULL,NULL,NULL,NULL,NULL,NULL),(40,566708666,65,'','',NULL,NULL,NULL,NULL,NULL,NULL,NULL,NULL,NULL,NULL,NULL,NULL,NULL,'2011-10-02 20:56:05','2011-10-02 20:56:05',NULL,NULL,NULL,NULL,NULL,NULL,NULL,NULL),(41,566708666,66,'','',NULL,NULL,NULL,NULL,NULL,NULL,NULL,NULL,NULL,NULL,NULL,NULL,NULL,'2011-10-02 20:57:34','2011-10-02 20:57:34',NULL,NULL,NULL,NULL,NULL,NULL,NULL,NULL),(42,566708666,67,'','',NULL,NULL,NULL,NULL,NULL,NULL,NULL,NULL,NULL,NULL,NULL,NULL,NULL,'2011-10-02 20:58:20','2011-10-02 20:58:20',NULL,NULL,NULL,NULL,NULL,NULL,NULL,NULL),(43,566708666,68,'','',NULL,NULL,NULL,NULL,NULL,NULL,NULL,NULL,NULL,NULL,NULL,NULL,NULL,'2011-10-02 21:00:08','2011-10-02 21:00:08',NULL,NULL,NULL,NULL,NULL,NULL,NULL,NULL),(44,566708666,69,'','',NULL,NULL,NULL,NULL,NULL,NULL,NULL,NULL,NULL,NULL,NULL,NULL,NULL,'2011-10-02 21:00:21','2011-10-02 21:00:21',NULL,NULL,NULL,NULL,NULL,NULL,NULL,NULL),(45,566708666,70,'','',NULL,NULL,NULL,NULL,NULL,NULL,NULL,NULL,NULL,NULL,NULL,NULL,NULL,'2011-10-02 21:11:59','2011-10-02 21:11:59',NULL,NULL,NULL,NULL,NULL,NULL,NULL,NULL),(46,566708666,71,'','',NULL,NULL,NULL,NULL,NULL,NULL,NULL,NULL,NULL,NULL,NULL,NULL,NULL,'2011-10-06 00:33:40','2011-10-06 00:33:40',NULL,NULL,NULL,NULL,NULL,NULL,NULL,NULL),(47,1758828807,72,'','',NULL,NULL,NULL,NULL,NULL,NULL,NULL,NULL,NULL,NULL,NULL,NULL,NULL,'2011-10-06 23:59:49','2011-10-06 23:59:49',NULL,NULL,NULL,NULL,NULL,NULL,NULL,NULL),(48,1072175696,73,'Piccone/Monachino Wedding','Because you have shared in our lives by your friendship and love, we Kelley and Chuck together with our parents invite you to share the beginning of our new life together when we exchange marriage vows on Saturday, September 8, 2012.',',,',0,0,'Angelo Piccone','','','','','','','September 8th 2012','','','2011-10-10 22:44:49','2011-10-10 22:49:03',NULL,NULL,NULL,NULL,NULL,NULL,NULL,NULL),(49,1044334056,74,'','',NULL,NULL,NULL,NULL,NULL,NULL,NULL,NULL,NULL,NULL,NULL,NULL,NULL,'2011-10-12 10:43:53','2011-10-12 10:43:53',NULL,NULL,NULL,NULL,NULL,NULL,NULL,NULL),(50,566708666,75,'','',NULL,NULL,NULL,NULL,NULL,NULL,NULL,NULL,NULL,NULL,NULL,NULL,NULL,'2011-10-12 19:56:35','2011-10-12 19:56:35',NULL,NULL,NULL,NULL,NULL,NULL,NULL,NULL),(51,2147483647,76,'','',NULL,NULL,NULL,NULL,NULL,NULL,NULL,NULL,NULL,NULL,NULL,NULL,NULL,'2011-10-14 12:45:36','2011-10-14 12:45:36',NULL,NULL,NULL,NULL,NULL,NULL,NULL,NULL),(52,2147483647,77,'','',NULL,NULL,NULL,NULL,NULL,NULL,NULL,NULL,NULL,NULL,NULL,NULL,NULL,'2011-10-14 12:46:00','2011-10-14 12:46:00',NULL,NULL,NULL,NULL,NULL,NULL,NULL,NULL),(53,564120279,78,'Test','Because you have shared in our lives by your friendship and love, we <Bride> and <Groom> together with our parents invite you to share the beginning of our new life together when we exchange marriage vows on Friday, the ninth of May two thousand eleventh','iDisks,Jxsjsk,2772',35.0287,33.0541,'Test','Usher','3737:8:','iDisks','Jxsjsk','2772','Queuejjx','Whisked','','','2011-10-15 04:03:04','2011-10-15 04:04:30',NULL,NULL,NULL,NULL,NULL,NULL,NULL,NULL),(54,1043917288,79,'','',NULL,NULL,NULL,NULL,NULL,NULL,NULL,NULL,NULL,NULL,NULL,NULL,NULL,'2011-10-17 11:57:15','2011-10-17 11:57:15',NULL,NULL,NULL,NULL,NULL,NULL,NULL,NULL),(55,1642411546,80,'Rivera - Flores wedding','Because you have shared in our lives by your friendship and love, we Fatima and Alvin together with our parents invite you to share the beginning of our new life together when we exchange marriage vows on Tuesday, the twenty-ninth of November two thousand eleventh','182 burnt oak broadway,Edgware,Edgware',51.6121,-0.277564,NULL,'07830773498','Barnet registry office','182 burnt oak broadway','Edgware','Edgware','Ha8 0au','November 29, 2011','','','2011-10-20 13:22:52','2011-10-20 13:30:07','At home','Montrose avenue','Edgware','Edgware','Ha8 0dz','Montrose avenue,Edgware,Edgware','51.612085','-0.277564'),(56,1040130026,81,'','',NULL,NULL,NULL,NULL,NULL,NULL,NULL,NULL,NULL,NULL,NULL,NULL,NULL,'2011-10-23 01:24:26','2011-10-23 01:24:26',NULL,NULL,NULL,NULL,NULL,NULL,NULL,NULL),(57,564120279,82,'','',NULL,NULL,NULL,NULL,NULL,NULL,NULL,NULL,NULL,NULL,NULL,NULL,NULL,'2011-10-25 08:49:50','2011-10-25 08:49:50',NULL,NULL,NULL,NULL,NULL,NULL,NULL,NULL),(58,564120279,83,'','',NULL,NULL,NULL,NULL,NULL,NULL,NULL,NULL,NULL,NULL,NULL,NULL,NULL,'2011-10-25 08:49:58','2011-10-25 08:49:58',NULL,NULL,NULL,NULL,NULL,NULL,NULL,NULL),(59,564120279,84,'','',NULL,NULL,NULL,NULL,NULL,NULL,NULL,NULL,NULL,NULL,NULL,NULL,NULL,'2011-10-25 08:50:03','2011-10-25 08:50:03',NULL,NULL,NULL,NULL,NULL,NULL,NULL,NULL),(60,564120279,85,'','',NULL,NULL,NULL,NULL,NULL,NULL,NULL,NULL,NULL,NULL,NULL,NULL,NULL,'2011-10-25 08:50:11','2011-10-25 08:50:11',NULL,NULL,NULL,NULL,NULL,NULL,NULL,NULL),(61,564120279,86,'','',NULL,NULL,NULL,NULL,NULL,NULL,NULL,NULL,NULL,NULL,NULL,NULL,NULL,'2011-10-25 08:50:19','2011-10-25 08:50:19',NULL,NULL,NULL,NULL,NULL,NULL,NULL,NULL),(62,2147483647,87,'','',NULL,NULL,NULL,NULL,NULL,NULL,NULL,NULL,NULL,NULL,NULL,NULL,NULL,'2011-10-28 23:15:56','2011-10-28 23:15:56',NULL,NULL,NULL,NULL,NULL,NULL,NULL,NULL),(63,2147483647,88,'','',NULL,NULL,NULL,NULL,NULL,NULL,NULL,NULL,NULL,NULL,NULL,NULL,NULL,'2011-10-29 14:23:38','2011-10-29 14:23:38',NULL,NULL,NULL,NULL,NULL,NULL,NULL,NULL),(64,2147483647,89,'','',NULL,NULL,NULL,NULL,NULL,NULL,NULL,NULL,NULL,NULL,NULL,NULL,NULL,'2011-10-29 14:23:39','2011-10-29 14:23:39',NULL,NULL,NULL,NULL,NULL,NULL,NULL,NULL),(65,2147483647,90,'','',NULL,NULL,NULL,NULL,NULL,NULL,NULL,NULL,NULL,NULL,NULL,NULL,NULL,'2011-10-29 14:24:17','2011-10-29 14:24:17',NULL,NULL,NULL,NULL,NULL,NULL,NULL,NULL),(66,1617025315,91,'Jerico Liwanag Basco I & Irene Birondo Pasibe','Because you have shared in our lives by your friendship and love, we Irene and Jerico together with our parents invite you to share the beginning of our new life together when we exchange marriage vows on Saturday of May nineteen thousand twelve.','Juna Subd., Matina, Davao City,,',7.07996,125.613,NULL,'+63917617628','St. Paul Parish, Matina, Davao City','Juna Subd., Matina, Davao City','','','','19 may 2012','','','2011-10-29 23:06:48','2011-10-29 23:13:48','Mergrande Ocean Park','Toril, Davao City','','','','Toril, Davao City,,','7.07996','125.61277'),(67,2147483647,92,'','',NULL,NULL,NULL,NULL,NULL,NULL,NULL,NULL,NULL,NULL,NULL,NULL,NULL,'2011-10-31 07:49:29','2011-10-31 07:49:29',NULL,NULL,NULL,NULL,NULL,NULL,NULL,NULL),(68,2147483647,93,'','',NULL,NULL,NULL,NULL,NULL,NULL,NULL,NULL,NULL,NULL,NULL,NULL,NULL,'2011-10-31 07:50:57','2011-10-31 07:50:57',NULL,NULL,NULL,NULL,NULL,NULL,NULL,NULL),(69,2147483647,94,'','',NULL,NULL,NULL,NULL,NULL,NULL,NULL,NULL,NULL,NULL,NULL,NULL,NULL,'2011-10-31 07:54:39','2011-10-31 07:54:39',NULL,NULL,NULL,NULL,NULL,NULL,NULL,NULL),(70,2147483647,95,'','',NULL,NULL,NULL,NULL,NULL,NULL,NULL,NULL,NULL,NULL,NULL,NULL,NULL,'2011-11-05 23:58:16','2011-11-05 23:58:16',NULL,NULL,NULL,NULL,NULL,NULL,NULL,NULL),(71,2147483647,96,'','',NULL,NULL,NULL,NULL,NULL,NULL,NULL,NULL,NULL,NULL,NULL,NULL,NULL,'2011-11-05 23:58:47','2011-11-05 23:58:47',NULL,NULL,NULL,NULL,NULL,NULL,NULL,NULL),(72,534957441,97,'Ray & Rachel\'s wedding','Because you have shared in our lives by your friendship and love, we Ray and Rachel together with our parents invite you to share the beginning of our new life together when we exchange marriage vows on Saturday, the 24th of March 2012.','Beaufort Road,Kingston Upon Thames,KT1 2TQ',51.4016,-0.300464,NULL,'07545122336','Antoinette Hotel','Beaufort Road','Kingston Upon Thames','KT1 2TQ','KT1 2TQ','24 March 2012','','','2011-11-06 10:27:41','2011-11-06 12:16:03','','12.30pm','','','','12.30pm,,','0','0'),(73,1406077890,98,'','Because you have shared in our lives by your friendship and love, we Valentina and Alexander together with our parents invite you to share the beginning of our new life together when we exchange marriage vows on Saturday, the fifth of May two thousand twelve',',Sand Springs ,Oklahoma',36.1397,-96.1082,NULL,'918-527-8816','Fisher Baptist Church','','Sand Springs ','Oklahoma','74063','May 5, 2011','','','2011-11-08 03:45:59','2011-12-07 00:36:41','Haynes Home','480 N Meadowood St. ','Cleveland ','Oklahoma','74020','480 N Meadowood St. ,Cleveland ,Oklahoma','36.30733','-96.463944'),(74,1419406156,99,'','Because you have shared in our lives by your friendship and love, we <Bride> and <Groom> together with our parents invite you to share the beginning of our new life together when we exchange marriage vows on Friday, the ninth of May two thousand eleventh',',,',0,0,NULL,'','','','','','','','','','2011-11-09 16:18:29','2011-11-09 16:19:29','','','','','',',,','0','0'),(75,539120308,100,'','',NULL,NULL,NULL,NULL,NULL,NULL,NULL,NULL,NULL,NULL,NULL,NULL,NULL,'2011-11-11 04:33:40','2011-11-11 04:33:40',NULL,NULL,NULL,NULL,NULL,NULL,NULL,NULL),(76,2147483647,101,'','',NULL,NULL,NULL,NULL,NULL,NULL,NULL,NULL,NULL,NULL,NULL,NULL,NULL,'2011-11-20 00:30:22','2011-11-20 00:30:22',NULL,NULL,NULL,NULL,NULL,NULL,NULL,NULL),(77,2147483647,102,'','',NULL,NULL,NULL,NULL,NULL,NULL,NULL,NULL,NULL,NULL,NULL,NULL,NULL,'2011-11-20 02:13:20','2011-11-20 02:13:20',NULL,NULL,NULL,NULL,NULL,NULL,NULL,NULL),(78,524847039,103,'','',NULL,NULL,NULL,NULL,NULL,NULL,NULL,NULL,NULL,NULL,NULL,NULL,NULL,'2011-11-21 23:40:48','2011-11-21 23:40:48',NULL,NULL,NULL,NULL,NULL,NULL,NULL,NULL),(79,30307528,104,'','Because you have shared in our lives by your friendship and love, we <Bride> and <Groom> together with our parents invite you to share the beginning of our new life together when we exchange marriage vows on Friday, the ninth of May two thousand eleventh',',Sacramento ,CA',38.5791,-121.491,NULL,'','Private','','Sacramento ','CA','','May 2nd 2012','','','2011-11-26 02:20:29','2011-11-26 02:28:33','Badlands','','Sacramento','CA','',',Sacramento,CA','38.579065','-121.491014'),(80,1320909789,105,'Snieski Wedding','Because you have shared in our lives by your friendship and love, we Michelle and Gerry invite you to share the beginning of our new life together when we exchange marriage vows on Friday, the twenty second of june two thousand twelve','411,,',37.6676,126.764,NULL,'','St. Anyhony\'s On The Creek','411','','','','','','','2011-11-27 13:54:32','2011-11-27 13:57:20','','','','','',',,','0','0'),(81,798165424,106,'','',NULL,NULL,NULL,NULL,NULL,NULL,NULL,NULL,NULL,NULL,NULL,NULL,NULL,'2011-11-30 08:04:47','2011-11-30 08:04:47',NULL,NULL,NULL,NULL,NULL,NULL,NULL,NULL),(82,753877658,107,'','',NULL,NULL,NULL,NULL,NULL,NULL,NULL,NULL,NULL,NULL,NULL,NULL,NULL,'2011-12-01 16:38:12','2011-12-01 16:38:12',NULL,NULL,NULL,NULL,NULL,NULL,NULL,NULL),(83,506722166,108,'','',NULL,NULL,NULL,NULL,NULL,NULL,NULL,NULL,NULL,NULL,NULL,NULL,NULL,'2011-12-03 01:24:07','2011-12-03 01:24:07',NULL,NULL,NULL,NULL,NULL,NULL,NULL,NULL),(84,1174788935,109,'','',NULL,NULL,NULL,NULL,NULL,NULL,NULL,NULL,NULL,NULL,NULL,NULL,NULL,'2011-12-14 22:37:04','2011-12-14 22:37:04',NULL,NULL,NULL,NULL,NULL,NULL,NULL,NULL),(85,2147483647,110,'','',NULL,NULL,NULL,NULL,NULL,NULL,NULL,NULL,NULL,NULL,NULL,NULL,NULL,'2011-12-18 17:40:53','2011-12-18 17:40:53',NULL,NULL,NULL,NULL,NULL,NULL,NULL,NULL),(86,2147483647,111,'','',NULL,NULL,NULL,NULL,NULL,NULL,NULL,NULL,NULL,NULL,NULL,NULL,NULL,'2011-12-18 17:41:16','2011-12-18 17:41:16',NULL,NULL,NULL,NULL,NULL,NULL,NULL,NULL),(87,2147483647,112,'','',NULL,NULL,NULL,NULL,NULL,NULL,NULL,NULL,NULL,NULL,NULL,NULL,NULL,'2011-12-18 17:44:58','2011-12-18 17:44:58',NULL,NULL,NULL,NULL,NULL,NULL,NULL,NULL),(88,2147483647,113,'','',NULL,NULL,NULL,NULL,NULL,NULL,NULL,NULL,NULL,NULL,NULL,NULL,NULL,'2011-12-18 17:46:24','2011-12-18 17:46:24',NULL,NULL,NULL,NULL,NULL,NULL,NULL,NULL),(89,1646303878,114,'Carrera & Winkley Wedding','Because you have shared in our lives by your friendship and love, we Paula and Colin together with our parents invite you to share the beginning of our new life together when we exchange marriage vows on Wednesday, December 12, 2012.',',Siesta Key,Florida',27.2672,-82.5499,NULL,'918-809-7804','','','Siesta Key','Florida','','December 12,2012','','','2011-12-18 18:09:12','2011-12-18 18:19:29','','','','','',',,','0','0'),(90,670130607,115,'Stu and Caroline\'s winter wedding','Welcome to our magical winter wedding deep in the Norwegian forest. To unite to souls that needed to cross an ocean to find each other. Two geeks can finally show it to them with true happiness. ','rnes,rnes,Nes',60.1212,11.4683,NULL,'0047 63 90 75 98/ 98 45 16 37','Dragonsea Cabin','rnes','rnes','Nes','2150','February 25 2012','','','2011-12-22 17:13:36','2011-12-22 17:19:30','Dragonsea Cabin','','','','',',,','0','0'),(91,602514169,116,'','',NULL,NULL,NULL,NULL,NULL,NULL,NULL,NULL,NULL,NULL,NULL,NULL,NULL,'2011-12-28 17:09:46','2011-12-28 17:09:46',NULL,NULL,NULL,NULL,NULL,NULL,NULL,NULL),(92,1781635808,117,'','',NULL,NULL,NULL,NULL,NULL,NULL,NULL,NULL,NULL,NULL,NULL,NULL,NULL,'2012-01-02 00:29:25','2012-01-02 00:29:25',NULL,NULL,NULL,NULL,NULL,NULL,NULL,NULL),(93,2147483647,118,'','',NULL,NULL,NULL,NULL,NULL,NULL,NULL,NULL,NULL,NULL,NULL,NULL,NULL,'2012-01-02 19:41:55','2012-01-02 19:41:55',NULL,NULL,NULL,NULL,NULL,NULL,NULL,NULL),(94,2147483647,119,'','',NULL,NULL,NULL,NULL,NULL,NULL,NULL,NULL,NULL,NULL,NULL,NULL,NULL,'2012-01-02 19:42:30','2012-01-02 19:42:30',NULL,NULL,NULL,NULL,NULL,NULL,NULL,NULL),(95,2147483647,120,'','',NULL,NULL,NULL,NULL,NULL,NULL,NULL,NULL,NULL,NULL,NULL,NULL,NULL,'2012-01-02 21:04:10','2012-01-02 21:04:10',NULL,NULL,NULL,NULL,NULL,NULL,NULL,NULL),(96,1082454201,121,'','',NULL,NULL,NULL,NULL,NULL,NULL,NULL,NULL,NULL,NULL,NULL,NULL,NULL,'2012-01-03 13:31:04','2012-01-03 13:31:04',NULL,NULL,NULL,NULL,NULL,NULL,NULL,NULL),(97,1516350048,122,'','Because you have shared in our lives by your friendship and love, we, Laura and Trevor, together with our parents invite you to share the beginning of our new life together when we exchange marriage vows on Saturday, the seventh of July two thousand twelve.','6220 Westgate Drive,Beaumont,Texas',30.0873,-94.1686,NULL,'409-673-5329','Westgate Memorial Baptist','6220 Westgate Drive','Beaumont','Texas','77706','July, 7 2012','','','2012-01-07 00:12:41','2012-01-07 00:18:54','Westgate Memorial Baptist','6220 Westgate Drive','Beaumont','Texas','77706','6220 Westgate Drive,Beaumont,Texas','30.08726','-94.168581'),(98,555725617,123,'Charlillo-Michael Wedding','Because you have shared in our lives by your friendship and love, we Melissa and Jeremy together with our parents invite you to share the beginning of our new life together when we exchange marriage vows on Saturday, the twelfth of May two thousand twelve',',Wickliffe,Ohio',41.597,-81.4785,NULL,'','Normandy Party Center','','Wickliffe','Ohio','','May 12, 2012','','','2012-01-08 01:35:01','2012-01-08 13:25:38','Normandy Party Center','','WickliffeWickliffe','Ohio','',',WickliffeWickliffe,Ohio','40.190331','-82.669468'),(99,2147483647,124,'','',NULL,NULL,NULL,NULL,NULL,NULL,NULL,NULL,NULL,NULL,NULL,NULL,NULL,'2012-01-09 00:40:42','2012-01-09 00:40:42',NULL,NULL,NULL,NULL,NULL,NULL,NULL,NULL),(100,2147483647,125,'','',NULL,NULL,NULL,NULL,NULL,NULL,NULL,NULL,NULL,NULL,NULL,NULL,NULL,'2012-01-09 00:40:58','2012-01-09 00:40:58',NULL,NULL,NULL,NULL,NULL,NULL,NULL,NULL),(101,2147483647,126,'','',NULL,NULL,NULL,NULL,NULL,NULL,NULL,NULL,NULL,NULL,NULL,NULL,NULL,'2012-01-09 00:42:00','2012-01-09 00:42:00',NULL,NULL,NULL,NULL,NULL,NULL,NULL,NULL),(102,2147483647,127,'','',NULL,NULL,NULL,NULL,NULL,NULL,NULL,NULL,NULL,NULL,NULL,NULL,NULL,'2012-01-09 18:14:28','2012-01-09 18:14:28',NULL,NULL,NULL,NULL,NULL,NULL,NULL,NULL),(103,2147483647,128,'','',NULL,NULL,NULL,NULL,NULL,NULL,NULL,NULL,NULL,NULL,NULL,NULL,NULL,'2012-01-09 18:14:57','2012-01-09 18:14:57',NULL,NULL,NULL,NULL,NULL,NULL,NULL,NULL),(104,2147483647,129,'','',NULL,NULL,NULL,NULL,NULL,NULL,NULL,NULL,NULL,NULL,NULL,NULL,NULL,'2012-01-09 18:14:57','2012-01-09 18:14:57',NULL,NULL,NULL,NULL,NULL,NULL,NULL,NULL),(105,2147483647,130,'','',NULL,NULL,NULL,NULL,NULL,NULL,NULL,NULL,NULL,NULL,NULL,NULL,NULL,'2012-01-09 18:16:52','2012-01-09 18:16:52',NULL,NULL,NULL,NULL,NULL,NULL,NULL,NULL),(106,2147483647,131,'','',NULL,NULL,NULL,NULL,NULL,NULL,NULL,NULL,NULL,NULL,NULL,NULL,NULL,'2012-01-09 18:23:47','2012-01-09 18:23:47',NULL,NULL,NULL,NULL,NULL,NULL,NULL,NULL),(107,2147483647,132,'','',NULL,NULL,NULL,NULL,NULL,NULL,NULL,NULL,NULL,NULL,NULL,NULL,NULL,'2012-01-09 18:24:11','2012-01-09 18:24:11',NULL,NULL,NULL,NULL,NULL,NULL,NULL,NULL),(108,2147483647,133,'','',NULL,NULL,NULL,NULL,NULL,NULL,NULL,NULL,NULL,NULL,NULL,NULL,NULL,'2012-01-09 18:25:35','2012-01-09 18:25:35',NULL,NULL,NULL,NULL,NULL,NULL,NULL,NULL),(109,2147483647,134,'','',NULL,NULL,NULL,NULL,NULL,NULL,NULL,NULL,NULL,NULL,NULL,NULL,NULL,'2012-01-09 18:25:42','2012-01-09 18:25:42',NULL,NULL,NULL,NULL,NULL,NULL,NULL,NULL),(110,41101632,135,'Alicia Kerr and Ben Carr','Because you have shared in our lives by your friendship and love, we Alicia and Ben together with our parents invite you to share the beginning of our new life together when we exchange marriage vows on Saturday the sixteenth of June two thousand twelve','501 N West St. ,Munfordville ,Ky',37.2715,-85.8944,NULL,'','Munfordville Baptist Church','501 N West St. ','Munfordville ','Ky','42765','June 16, 2012','','','2012-01-10 15:28:19','2012-01-10 15:36:03','Hart County Fair Grounds Floral Hall','2100 31W','Rowletts','KY','42765','2100 31W,Rowletts,KY','37.24609','-85.891048'),(111,2147483647,136,'','',NULL,NULL,NULL,NULL,NULL,NULL,NULL,NULL,NULL,NULL,NULL,NULL,NULL,'2012-01-11 06:11:25','2012-01-11 06:11:25',NULL,NULL,NULL,NULL,NULL,NULL,NULL,NULL),(112,2147483647,137,'','',NULL,NULL,NULL,NULL,NULL,NULL,NULL,NULL,NULL,NULL,NULL,NULL,NULL,'2012-01-11 06:11:35','2012-01-11 06:11:35',NULL,NULL,NULL,NULL,NULL,NULL,NULL,NULL),(113,2147483647,138,'','',NULL,NULL,NULL,NULL,NULL,NULL,NULL,NULL,NULL,NULL,NULL,NULL,NULL,'2012-01-11 06:11:58','2012-01-11 06:11:58',NULL,NULL,NULL,NULL,NULL,NULL,NULL,NULL),(114,2147483647,139,'','',NULL,NULL,NULL,NULL,NULL,NULL,NULL,NULL,NULL,NULL,NULL,NULL,NULL,'2012-01-16 11:37:21','2012-01-16 11:37:21',NULL,NULL,NULL,NULL,NULL,NULL,NULL,NULL),(115,501342201,140,'Jane and Brian','Because you have shared in our lives by your friendship and love, we <Bride> and <Groom> together with our parents invite you to share the beginning of our new life together when we exchange marriage vows on Friday, the ninth of May two thousand eleventh','One Mulligan Way,Woodridge,Il',41.7713,-88.0715,NULL,'630-707-1469','Seven Bridges','One Mulligan Way','Woodridge','Il','60517','May 5, 2012','','','2012-01-18 00:14:41','2012-01-18 00:17:47','Seven Bridges ','One Mulligan Way','Woodridge','IL','60517','One Mulligan Way,Woodridge,IL','41.771251','-88.071549'),(116,512962711,141,'','',NULL,NULL,NULL,NULL,NULL,NULL,NULL,NULL,NULL,NULL,NULL,NULL,NULL,'2012-01-19 06:23:16','2012-01-19 06:23:16',NULL,NULL,NULL,NULL,NULL,NULL,NULL,NULL),(117,1816556086,142,'','',NULL,NULL,NULL,NULL,NULL,NULL,NULL,NULL,NULL,NULL,NULL,NULL,NULL,'2012-01-22 19:01:13','2012-01-22 19:01:13',NULL,NULL,NULL,NULL,NULL,NULL,NULL,NULL),(118,13729810,143,'','',NULL,NULL,NULL,NULL,NULL,NULL,NULL,NULL,NULL,NULL,NULL,NULL,NULL,'2012-01-23 14:38:57','2012-01-23 14:38:57',NULL,NULL,NULL,NULL,NULL,NULL,NULL,NULL),(119,1253190064,144,'','',NULL,NULL,NULL,NULL,NULL,NULL,NULL,NULL,NULL,NULL,NULL,NULL,NULL,'2012-01-24 02:00:38','2012-01-24 02:00:38',NULL,NULL,NULL,NULL,NULL,NULL,NULL,NULL),(120,1073508559,145,'','Because you have shared in our lives by your friendship and love, we <Bride> and <Groom> together with our parents invite you to share the beginning of our new life together when we exchange marriage vows on Friday, the ninth of May two thousand eleventh',',,',0,0,NULL,'(847)636-9738','Pleasant Hill Community Church','','','','','October 27, 2012','','','2012-01-24 11:24:45','2012-01-24 11:26:04','','','','','',',,','0','0'),(121,1726249601,146,'','',NULL,NULL,NULL,NULL,NULL,NULL,NULL,NULL,NULL,NULL,NULL,NULL,NULL,'2012-01-24 23:31:51','2012-01-24 23:31:51',NULL,NULL,NULL,NULL,NULL,NULL,NULL,NULL),(122,2147483647,147,'','',NULL,NULL,NULL,NULL,NULL,NULL,NULL,NULL,NULL,NULL,NULL,NULL,NULL,'2012-01-27 00:11:41','2012-01-27 00:11:41',NULL,NULL,NULL,NULL,NULL,NULL,NULL,NULL),(123,30402479,148,'','',NULL,NULL,NULL,NULL,NULL,NULL,NULL,NULL,NULL,NULL,NULL,NULL,NULL,'2012-01-31 23:12:10','2012-01-31 23:12:10',NULL,NULL,NULL,NULL,NULL,NULL,NULL,NULL),(124,2147483647,149,'','',NULL,NULL,NULL,NULL,NULL,NULL,NULL,NULL,NULL,NULL,NULL,NULL,NULL,'2012-02-06 11:09:55','2012-02-06 11:09:55',NULL,NULL,NULL,NULL,NULL,NULL,NULL,NULL),(125,2147483647,150,'','',NULL,NULL,NULL,NULL,NULL,NULL,NULL,NULL,NULL,NULL,NULL,NULL,NULL,'2012-02-06 11:10:07','2012-02-06 11:10:07',NULL,NULL,NULL,NULL,NULL,NULL,NULL,NULL),(126,2147483647,151,'','',NULL,NULL,NULL,NULL,NULL,NULL,NULL,NULL,NULL,NULL,NULL,NULL,NULL,'2012-02-06 11:10:24','2012-02-06 11:10:24',NULL,NULL,NULL,NULL,NULL,NULL,NULL,NULL),(127,2147483647,152,'','',NULL,NULL,NULL,NULL,NULL,NULL,NULL,NULL,NULL,NULL,NULL,NULL,NULL,'2012-02-06 11:11:30','2012-02-06 11:11:30',NULL,NULL,NULL,NULL,NULL,NULL,NULL,NULL),(128,2147483647,153,'','',NULL,NULL,NULL,NULL,NULL,NULL,NULL,NULL,NULL,NULL,NULL,NULL,NULL,'2012-02-06 11:11:30','2012-02-06 11:11:30',NULL,NULL,NULL,NULL,NULL,NULL,NULL,NULL),(129,2147483647,154,'','',NULL,NULL,NULL,NULL,NULL,NULL,NULL,NULL,NULL,NULL,NULL,NULL,NULL,'2012-02-06 11:12:18','2012-02-06 11:12:18',NULL,NULL,NULL,NULL,NULL,NULL,NULL,NULL),(130,2147483647,155,'','',NULL,NULL,NULL,NULL,NULL,NULL,NULL,NULL,NULL,NULL,NULL,NULL,NULL,'2012-02-06 11:13:57','2012-02-06 11:13:57',NULL,NULL,NULL,NULL,NULL,NULL,NULL,NULL),(131,2147483647,156,'','',NULL,NULL,NULL,NULL,NULL,NULL,NULL,NULL,NULL,NULL,NULL,NULL,NULL,'2012-02-06 12:25:08','2012-02-06 12:25:08',NULL,NULL,NULL,NULL,NULL,NULL,NULL,NULL),(132,2147483647,157,'','',NULL,NULL,NULL,NULL,NULL,NULL,NULL,NULL,NULL,NULL,NULL,NULL,NULL,'2012-02-06 12:26:37','2012-02-06 12:26:37',NULL,NULL,NULL,NULL,NULL,NULL,NULL,NULL),(133,48610517,158,'','',NULL,NULL,NULL,NULL,NULL,NULL,NULL,NULL,NULL,NULL,NULL,NULL,NULL,'2012-02-06 22:22:38','2012-02-06 22:22:38',NULL,NULL,NULL,NULL,NULL,NULL,NULL,NULL),(134,618653972,159,'Ah hdjd','Because you have shared in our lives by your friendship and love, we <Bride> and <Groom> together with our parents invite you shhdhdhhto share the beginning of our new life together when we exchange marriage vows on Friday, the ninth of May two thousand eleventh','Banjarahills,Hyderabad,Ap',17.4162,78.4375,NULL,'9398484838747','Gdhdhd','Banjarahills','Hyderabad','Ap','500038','','','','2012-02-07 00:10:17','2012-02-07 00:12:05','Fg gh','','','','',',,','0','0'),(135,2147483647,160,'','',NULL,NULL,NULL,NULL,NULL,NULL,NULL,NULL,NULL,NULL,NULL,NULL,NULL,'2012-02-11 04:26:28','2012-02-11 04:26:28',NULL,NULL,NULL,NULL,NULL,NULL,NULL,NULL),(136,2147483647,161,'','',NULL,NULL,NULL,NULL,NULL,NULL,NULL,NULL,NULL,NULL,NULL,NULL,NULL,'2012-02-11 04:26:49','2012-02-11 04:26:49',NULL,NULL,NULL,NULL,NULL,NULL,NULL,NULL),(137,2147483647,162,'','',NULL,NULL,NULL,NULL,NULL,NULL,NULL,NULL,NULL,NULL,NULL,NULL,NULL,'2012-02-11 04:27:23','2012-02-11 04:27:23',NULL,NULL,NULL,NULL,NULL,NULL,NULL,NULL),(138,1206522338,163,'','',NULL,NULL,NULL,NULL,NULL,NULL,NULL,NULL,NULL,NULL,NULL,NULL,NULL,'2012-02-11 09:57:13','2012-02-11 09:57:13',NULL,NULL,NULL,NULL,NULL,NULL,NULL,NULL),(139,1206522338,164,'The Wedding Banquet','Dear Friends,                                                                                 We thought it would be fun to have a page and update our friends on the upcoming April 21st banquet. Check out the app and have fun! Invites are being mailed as we speak.','136-20 38th Ave,Flushing,New York',40.7609,-73.8304,NULL,'718-886-8326','Mudan Celebration Center','136-20 38th Ave','Flushing','New York','11365','April 21, 2012','','','2012-02-11 10:01:09','2012-02-11 13:26:42','Mudan Celebration Center','136-20 38th Ave','Flushing','New York','11365','136-20 38th Ave,Flushing,New York','40.760913','-73.830371'),(140,2147483647,165,'','',NULL,NULL,NULL,NULL,NULL,NULL,NULL,NULL,NULL,NULL,NULL,NULL,NULL,'2012-02-11 10:07:52','2012-02-11 10:07:52',NULL,NULL,NULL,NULL,NULL,NULL,NULL,NULL),(141,2147483647,166,'','',NULL,NULL,NULL,NULL,NULL,NULL,NULL,NULL,NULL,NULL,NULL,NULL,NULL,'2012-02-11 10:08:10','2012-02-11 10:08:10',NULL,NULL,NULL,NULL,NULL,NULL,NULL,NULL),(142,2147483647,167,'','',NULL,NULL,NULL,NULL,NULL,NULL,NULL,NULL,NULL,NULL,NULL,NULL,NULL,'2012-02-11 10:08:28','2012-02-11 10:08:28',NULL,NULL,NULL,NULL,NULL,NULL,NULL,NULL),(143,2147483647,168,'','',NULL,NULL,NULL,NULL,NULL,NULL,NULL,NULL,NULL,NULL,NULL,NULL,NULL,'2012-02-11 10:09:06','2012-02-11 10:09:06',NULL,NULL,NULL,NULL,NULL,NULL,NULL,NULL),(144,2147483647,169,'','',NULL,NULL,NULL,NULL,NULL,NULL,NULL,NULL,NULL,NULL,NULL,NULL,NULL,'2012-02-11 10:10:22','2012-02-11 10:10:22',NULL,NULL,NULL,NULL,NULL,NULL,NULL,NULL),(145,2147483647,170,'','',NULL,NULL,NULL,NULL,NULL,NULL,NULL,NULL,NULL,NULL,NULL,NULL,NULL,'2012-02-11 10:14:44','2012-02-11 10:14:44',NULL,NULL,NULL,NULL,NULL,NULL,NULL,NULL),(146,2147483647,171,'','',NULL,NULL,NULL,NULL,NULL,NULL,NULL,NULL,NULL,NULL,NULL,NULL,NULL,'2012-02-11 11:20:54','2012-02-11 11:20:54',NULL,NULL,NULL,NULL,NULL,NULL,NULL,NULL),(147,2147483647,172,'','',NULL,NULL,NULL,NULL,NULL,NULL,NULL,NULL,NULL,NULL,NULL,NULL,NULL,'2012-02-11 11:21:18','2012-02-11 11:21:18',NULL,NULL,NULL,NULL,NULL,NULL,NULL,NULL),(148,2147483647,173,'','',NULL,NULL,NULL,NULL,NULL,NULL,NULL,NULL,NULL,NULL,NULL,NULL,NULL,'2012-02-11 11:21:58','2012-02-11 11:21:58',NULL,NULL,NULL,NULL,NULL,NULL,NULL,NULL),(149,2147483647,174,'','',NULL,NULL,NULL,NULL,NULL,NULL,NULL,NULL,NULL,NULL,NULL,NULL,NULL,'2012-02-11 11:22:41','2012-02-11 11:22:41',NULL,NULL,NULL,NULL,NULL,NULL,NULL,NULL),(150,1624226477,175,'','Because you have shared in our lives by your friendship and love, we Brandy and Ocqueem together with our children invite you to share in the continuation of our life together when we re-exchange marriage vows on Monday, the seventh of May two thousand twelve.','West end of S Roosevelt Blvd,Key West,Florida',24.5543,-81.8006,NULL,'609-513-0552','Smathers Beach','West end of S Roosevelt Blvd','Key West','Florida','33040','May 7, 2012','','','2012-02-16 12:42:26','2012-02-16 12:51:47','Conch Republic Seafood Restaurant','631 Greene St','Key West','Florida','33040','631 Greene St,Key West,Florida','24.560162','-81.803511'),(151,1346889370,176,'','',NULL,NULL,NULL,NULL,NULL,NULL,NULL,NULL,NULL,NULL,NULL,NULL,NULL,'2012-02-16 18:39:09','2012-02-16 18:39:09',NULL,NULL,NULL,NULL,NULL,NULL,NULL,NULL),(152,7701848,177,'','Because you have shared in our lives by your friendship and love, we <Bride> and <Groom> together with our parents invite you to share the beginning of our new life together when we exchange marriage vows on Friday, the ninth of May two thousand eleventh',',Columbus,Ohio',39.962,-83.003,NULL,'','YWCA','','Columbus','Ohio','','Oct. 13, 2012','','','2012-02-17 23:01:07','2012-02-17 23:11:34','','','Columbus','Ohio','',',Columbus,Ohio','39.96196','-83.002984'),(153,585480032,178,'Sivaraman Weds Saranya','Because you have shared in our lives by your friendship and love, we Saranya and Sivaraman together with our parents invite you to share the beginning of our new life together when we exchange marriage vows on Sunday, the 25th of March, 2012...',',Arupukottai,Tamil Nadu',9.50434,78.1018,NULL,'98941 38990','LS Mahal','','Arupukottai','Tamil Nadu','','25th March, 2012','','','2012-02-19 00:21:04','2012-02-19 00:25:57','','','','','',',,','0','0'),(154,1247555409,179,'','',NULL,NULL,NULL,NULL,NULL,NULL,NULL,NULL,NULL,NULL,NULL,NULL,NULL,'2012-02-19 22:32:29','2012-02-19 22:32:29',NULL,NULL,NULL,NULL,NULL,NULL,NULL,NULL),(155,1313457330,180,'','Because you have shared in our lives by your friendship and love, we <Bride> and <Groom> together with our parents invite you to share the beginning of our new life together when we exchange marriage vows on Friday, the ninth of May two thousand eleventh',',,',0,0,NULL,'','','','','','','','','','2012-02-26 10:47:21','2012-02-26 10:47:42','','','','','',',,','0','0'),(156,2147483647,181,'','',NULL,NULL,NULL,NULL,NULL,NULL,NULL,NULL,NULL,NULL,NULL,NULL,NULL,'2012-03-06 14:08:01','2012-03-06 14:08:01',NULL,NULL,NULL,NULL,NULL,NULL,NULL,NULL),(157,2147483647,182,'','',NULL,NULL,NULL,NULL,NULL,NULL,NULL,NULL,NULL,NULL,NULL,NULL,NULL,'2012-03-06 14:18:42','2012-03-06 14:18:42',NULL,NULL,NULL,NULL,NULL,NULL,NULL,NULL),(158,2147483647,183,'','',NULL,NULL,NULL,NULL,NULL,NULL,NULL,NULL,NULL,NULL,NULL,NULL,NULL,'2012-03-06 18:56:19','2012-03-06 18:56:19',NULL,NULL,NULL,NULL,NULL,NULL,NULL,NULL),(159,576047543,184,'','',NULL,NULL,NULL,NULL,NULL,NULL,NULL,NULL,NULL,NULL,NULL,NULL,NULL,'2012-03-08 17:19:37','2012-03-08 17:19:37',NULL,NULL,NULL,NULL,NULL,NULL,NULL,NULL),(160,1121989716,185,'','',NULL,NULL,NULL,NULL,NULL,NULL,NULL,NULL,NULL,NULL,NULL,NULL,NULL,'2012-03-11 18:35:13','2012-03-11 18:35:13',NULL,NULL,NULL,NULL,NULL,NULL,NULL,NULL),(161,1073829254,186,'Aaron and Ashley','Because you have shared in our lives by your friendship and love, we, together with our parents, invite you to share the beginning of our new life together when we exchange marriage vows  on Saturday, the sixth of October Two Thousand Twelve.',',Tyler,Texas ',32.3475,-95.2943,NULL,'(903)330-9516','Smith County Historical Society Museum, Payne Auditorium','','Tyler','Texas ','','October 6, 2012','','','2012-03-13 20:10:44','2012-03-13 20:31:21','','','Tyler','Texas','',',Tyler,Texas','32.347475','-95.294299'),(162,2147483647,187,'','',NULL,NULL,NULL,NULL,NULL,NULL,NULL,NULL,NULL,NULL,NULL,NULL,NULL,'2012-03-16 21:24:01','2012-03-16 21:24:01',NULL,NULL,NULL,NULL,NULL,NULL,NULL,NULL),(163,2147483647,188,'','',NULL,NULL,NULL,NULL,NULL,NULL,NULL,NULL,NULL,NULL,NULL,NULL,NULL,'2012-03-16 21:24:48','2012-03-16 21:24:48',NULL,NULL,NULL,NULL,NULL,NULL,NULL,NULL);
/*!40000 ALTER TABLE `event_info` ENABLE KEYS */;
UNLOCK TABLES;

--
-- Table structure for table `facebook_invite_list`
--

DROP TABLE IF EXISTS `facebook_invite_list`;
/*!40101 SET @saved_cs_client     = @@character_set_client */;
/*!40101 SET character_set_client = utf8 */;
CREATE TABLE `facebook_invite_list` (
  `fb_invite_list_id_seq` int(11) NOT NULL AUTO_INCREMENT,
  `user_id_seq` varchar(256) DEFAULT NULL,
  `event_id_seq` varchar(256) DEFAULT NULL,
  `invited_user_fb_uid` varchar(256) DEFAULT NULL,
  `datetime_created` datetime DEFAULT NULL,
  `datetime_modified` datetime DEFAULT NULL,
  PRIMARY KEY (`fb_invite_list_id_seq`)
) ENGINE=MyISAM AUTO_INCREMENT=196 DEFAULT CHARSET=latin1;
/*!40101 SET character_set_client = @saved_cs_client */;

--
-- Dumping data for table `facebook_invite_list`
--

LOCK TABLES `facebook_invite_list` WRITE;
/*!40000 ALTER TABLE `facebook_invite_list` DISABLE KEYS */;
INSERT INTO `facebook_invite_list` VALUES (31,'566708666','14','566708666','2011-03-23 00:51:18','2011-03-23 00:51:18'),(142,'566708666','27','557732685','2011-10-14 00:40:34','2011-10-14 00:40:34'),(127,'502459737','39','7303784','2011-08-22 20:06:09','2011-08-22 20:06:09'),(137,'566708666','33','100002995418373','2011-10-14 00:29:48','2011-10-14 00:29:48'),(139,'566708666','27','100002995418373','2011-10-14 00:35:00','2011-10-14 00:35:00'),(144,'566708666','32','100002995418373','2011-10-14 00:51:04','2011-10-14 00:51:04'),(156,'1617025315','91','600662167','2011-10-29 23:22:08','2011-10-29 23:22:08'),(155,'1617025315','91','595484712','2011-10-29 23:22:04','2011-10-29 23:22:04'),(154,'1617025315','91','564682971','2011-10-29 23:21:54','2011-10-29 23:21:54'),(157,'1617025315','91','600099479','2011-10-29 23:22:10','2011-10-29 23:22:10'),(158,'1617025315','91','606417741','2011-10-29 23:22:13','2011-10-29 23:22:13'),(160,'534957441','97','577498152','2011-11-06 12:22:25','2011-11-06 12:22:25'),(179,'670130607','115','309601375','2011-12-22 17:34:25','2011-12-22 17:34:25'),(162,'670130607','115','510549346','2011-12-22 17:32:17','2011-12-22 17:32:17'),(163,'670130607','115','513440721','2011-12-22 17:32:20','2011-12-22 17:32:20'),(164,'670130607','115','513548728','2011-12-22 17:32:22','2011-12-22 17:32:22'),(165,'670130607','115','536336349','2011-12-22 17:32:29','2011-12-22 17:32:29'),(166,'670130607','115','599595915','2011-12-22 17:32:41','2011-12-22 17:32:41'),(167,'670130607','115','620185615','2011-12-22 17:32:44','2011-12-22 17:32:44'),(168,'670130607','115','617721829','2011-12-22 17:32:45','2011-12-22 17:32:45'),(169,'670130607','115','665145116','2011-12-22 17:32:57','2011-12-22 17:32:57'),(170,'670130607','115','672930639','2011-12-22 17:32:59','2011-12-22 17:32:59'),(171,'670130607','115','751487176','2011-12-22 17:33:15','2011-12-22 17:33:15'),(172,'670130607','115','680633242','2011-12-22 17:33:22','2011-12-22 17:33:22'),(173,'670130607','115','836245219','2011-12-22 17:33:34','2011-12-22 17:33:34'),(174,'670130607','115','899495424','2011-12-22 17:33:36','2011-12-22 17:33:36'),(175,'670130607','115','1235220621','2011-12-22 17:33:42','2011-12-22 17:33:42'),(176,'670130607','115','1466805628','2011-12-22 17:33:46','2011-12-22 17:33:46'),(178,'670130607','115','100002332252340','2011-12-22 17:34:08','2011-12-22 17:34:08'),(180,'670130607','115','504425819','2011-12-22 17:45:21','2011-12-22 17:45:21'),(181,'670130607','115','506054201','2011-12-22 17:45:25','2011-12-22 17:45:25'),(182,'670130607','115','511531449','2011-12-22 17:45:29','2011-12-22 17:45:29'),(183,'670130607','115','639085004','2011-12-22 17:45:58','2011-12-22 17:45:58'),(184,'670130607','115','1512118196','2011-12-22 17:47:12','2011-12-22 17:47:12'),(185,'670130607','115','223401759','2011-12-22 17:47:18','2011-12-22 17:47:18'),(187,'1726249601','146','1262885488','2012-01-24 23:33:06','2012-01-24 23:33:06'),(188,'1726249601','146','100003158541267','2012-01-24 23:33:14','2012-01-24 23:33:14'),(193,'1206522338','164','100000433610714','2012-02-11 11:23:15','2012-02-11 11:23:15');
/*!40000 ALTER TABLE `facebook_invite_list` ENABLE KEYS */;
UNLOCK TABLES;

--
-- Table structure for table `facebook_users`
--

DROP TABLE IF EXISTS `facebook_users`;
/*!40101 SET @saved_cs_client     = @@character_set_client */;
/*!40101 SET character_set_client = utf8 */;
CREATE TABLE `facebook_users` (
  `fb_users_id_seq` int(11) NOT NULL AUTO_INCREMENT,
  `id` varchar(256) DEFAULT NULL,
  `name` varchar(256) DEFAULT NULL,
  `first_name` varchar(256) DEFAULT NULL,
  `last_name` varchar(256) DEFAULT NULL,
  `fb_link` varchar(256) DEFAULT NULL,
  `username` varchar(256) DEFAULT NULL,
  `gender` varchar(256) DEFAULT NULL,
  `locale` varchar(256) DEFAULT NULL,
  `datetime_created` datetime DEFAULT NULL,
  `datetime_modified` datetime DEFAULT NULL,
  PRIMARY KEY (`fb_users_id_seq`)
) ENGINE=MyISAM AUTO_INCREMENT=6 DEFAULT CHARSET=latin1;
/*!40101 SET character_set_client = @saved_cs_client */;

--
-- Dumping data for table `facebook_users`
--

LOCK TABLES `facebook_users` WRITE;
/*!40000 ALTER TABLE `facebook_users` DISABLE KEYS */;
INSERT INTO `facebook_users` VALUES (1,'566708666','Garland Kan','Garland','Kan','http://www.facebook.com/garlandk','garlandk','male','en_US','2011-03-21 20:27:13','2011-03-21 20:27:13'),(2,'573228966','Jason Chase','Jason','Chase','http://www.facebook.com/profile.php?id=573228966',NULL,NULL,'en_US','2011-03-23 02:04:42','2011-03-23 02:04:42'),(3,'502459737','Tyler Rorabaugh','Tyler','Rorabaugh','http://www.facebook.com/tyler.rorabaugh','tyler.rorabaugh','male','en_US','2011-03-24 02:38:15','2011-03-24 02:38:15'),(4,'1772633097','Charles Effin','Charles','Effin','http://www.facebook.com/profile.php?id=1772633097',NULL,'male','en_US','2011-04-01 23:11:24','2011-04-01 23:11:24'),(5,'655488607','Jason Monroe','Jason','Monroe','http://www.facebook.com/smileaddict','smileaddict','male','en_US','2011-04-06 10:20:09','2011-04-06 10:20:09');
/*!40000 ALTER TABLE `facebook_users` ENABLE KEYS */;
UNLOCK TABLES;

--
-- Table structure for table `gift_registry`
--

DROP TABLE IF EXISTS `gift_registry`;
/*!40101 SET @saved_cs_client     = @@character_set_client */;
/*!40101 SET character_set_client = utf8 */;
CREATE TABLE `gift_registry` (
  `gift_registry_id_seq` int(11) NOT NULL AUTO_INCREMENT,
  `user_id_seq` int(11) DEFAULT NULL,
  `event_id_seq` int(11) DEFAULT NULL,
  `name` varchar(256) DEFAULT NULL,
  `url` varchar(2048) DEFAULT NULL,
  PRIMARY KEY (`gift_registry_id_seq`)
) ENGINE=MyISAM AUTO_INCREMENT=38 DEFAULT CHARSET=latin1;
/*!40101 SET character_set_client = @saved_cs_client */;

--
-- Dumping data for table `gift_registry`
--

LOCK TABLES `gift_registry` WRITE;
/*!40000 ALTER TABLE `gift_registry` DISABLE KEYS */;
INSERT INTO `gift_registry` VALUES (1,566708666,21,'amazon','http://m.amazon.com/gp/registry/registry.html?ie=UTF8&type=wedding&id=37EKNTPZZNDA2'),(2,566708666,21,'amazon','http://m.amazon.com/gp/registry/registry.html?ie=UTF8&type=wedding&id=1CEBJLLVVPTQI'),(3,566708666,21,'Target','https://www.target.com/registry/wedding/RJ8E3FU4C1X7/guestview'),(5,573228966,NULL,'MyFooTest3','www.foo.com'),(6,573228966,NULL,'MyFooTest3','www.foo.com'),(7,1772633097,NULL,'MyFooTest4','www.myfoo4.com'),(8,1772633097,NULL,'MyFooTest5','www.myfoo.com/test5'),(9,1772633097,29,'MyFooTest6','www.myfoo.com/test6'),(19,573228966,31,'amazon','Www.amazon.com/foo/'),(20,566708666,27,'Amazon','http://amazon.com'),(18,566708666,27,'Ikea','http://ikea.com'),(21,566708666,27,'Best Buy','http://bestbuy.com'),(23,566708666,27,'William Sonoma','http://google.com/reader'),(28,566708666,32,'Amazon','http://amazon.com'),(29,566708666,32,'Google','http://google.com'),(30,566708666,32,'Fb','http://facebook.com'),(31,1617025315,91,'Charlie dela Cruz','facebook charlie dela cruz'),(32,30307528,104,'Macy\'s ','www.macy\'s.com'),(33,30307528,104,'Macy\'s ','www.macy\'s.com'),(34,670130607,115,'Kitchen','http:/www.kitchen.no'),(35,670130607,115,'Elkjp','http:/www.elkjop.no'),(36,670130607,115,'Amazon','www.amazon.co.uk'),(37,555725617,123,'Crate and Barrel','http://m.crateandbarrel.com/gift-registry/guest/view-registry.aspx?grid=4279593');
/*!40000 ALTER TABLE `gift_registry` ENABLE KEYS */;
UNLOCK TABLES;

--
-- Table structure for table `guests_photo_album`
--

DROP TABLE IF EXISTS `guests_photo_album`;
/*!40101 SET @saved_cs_client     = @@character_set_client */;
/*!40101 SET character_set_client = utf8 */;
CREATE TABLE `guests_photo_album` (
  `guests_photo_album_id_seq` int(11) NOT NULL AUTO_INCREMENT,
  `user_id_seq` int(11) DEFAULT NULL,
  `event_id_seq` int(11) DEFAULT NULL,
  `name` varchar(256) DEFAULT NULL,
  `description` varchar(256) DEFAULT NULL,
  `datetime_created` datetime DEFAULT NULL,
  `datetime_modified` datetime DEFAULT NULL,
  `image_uri` varchar(1024) DEFAULT NULL,
  `upload_url` varchar(1024) DEFAULT NULL,
  `thumb_url` varchar(1024) DEFAULT NULL,
  `user_tags` varchar(1024) DEFAULT NULL,
  `being_processed` tinyint(2) unsigned DEFAULT NULL,
  PRIMARY KEY (`guests_photo_album_id_seq`)
) ENGINE=MyISAM AUTO_INCREMENT=111 DEFAULT CHARSET=latin1;
/*!40101 SET character_set_client = @saved_cs_client */;

--
-- Dumping data for table `guests_photo_album`
--

LOCK TABLES `guests_photo_album` WRITE;
/*!40000 ALTER TABLE `guests_photo_album` DISABLE KEYS */;
INSERT INTO `guests_photo_album` VALUES (109,NULL,14,NULL,NULL,'2011-02-14 23:15:23','2011-02-14 23:15:23','/tmp/smurf_photos/php2YC48G.png',NULL,NULL,NULL,1),(110,NULL,14,NULL,NULL,'2011-02-14 23:16:00','2011-02-14 23:16:00','/tmp/smurf_photos/phpqaE98E.png',NULL,NULL,NULL,1);
/*!40000 ALTER TABLE `guests_photo_album` ENABLE KEYS */;
UNLOCK TABLES;

--
-- Table structure for table `owners_photo_album`
--

DROP TABLE IF EXISTS `owners_photo_album`;
/*!40101 SET @saved_cs_client     = @@character_set_client */;
/*!40101 SET character_set_client = utf8 */;
CREATE TABLE `owners_photo_album` (
  `owners_photo_album_id_seq` int(11) NOT NULL AUTO_INCREMENT,
  `user_id_seq` int(11) DEFAULT NULL,
  `event_id_seq` int(11) DEFAULT NULL,
  `name` varchar(256) DEFAULT NULL,
  `description` varchar(256) DEFAULT NULL,
  `datetime_created` datetime DEFAULT NULL,
  `datetime_modified` datetime DEFAULT NULL,
  `image_uri` varchar(1024) DEFAULT NULL,
  `upload_url` varchar(1024) DEFAULT NULL,
  `thumb_url` varchar(1024) DEFAULT NULL,
  `user_tags` varchar(1024) DEFAULT NULL,
  `being_processed` tinyint(2) unsigned DEFAULT NULL,
  PRIMARY KEY (`owners_photo_album_id_seq`)
) ENGINE=MyISAM AUTO_INCREMENT=216 DEFAULT CHARSET=latin1;
/*!40101 SET character_set_client = @saved_cs_client */;

--
-- Dumping data for table `owners_photo_album`
--

LOCK TABLES `owners_photo_album` WRITE;
/*!40000 ALTER TABLE `owners_photo_album` DISABLE KEYS */;
INSERT INTO `owners_photo_album` VALUES (214,1,14,NULL,NULL,'2011-03-08 20:15:58','2011-03-08 20:15:58','/pictures/14_php5LW2pl.png','/var/www/html/smurf.grep-r.com/auto/public/pictures/14_php5LW2pl.png',NULL,NULL,NULL),(215,1,14,NULL,NULL,'2011-03-08 20:19:54','2011-03-08 20:19:54','/pictures/14_phpXxlGB2.png','/var/www/html/smurf.grep-r.com/auto/public/pictures/14_phpXxlGB2.png',NULL,NULL,NULL);
/*!40000 ALTER TABLE `owners_photo_album` ENABLE KEYS */;
UNLOCK TABLES;

--
-- Table structure for table `photos`
--

DROP TABLE IF EXISTS `photos`;
/*!40101 SET @saved_cs_client     = @@character_set_client */;
/*!40101 SET character_set_client = utf8 */;
CREATE TABLE `photos` (
  `photos_id_seq` int(11) NOT NULL AUTO_INCREMENT,
  `user_id_seq` int(11) DEFAULT NULL,
  `event_id_seq` int(11) DEFAULT NULL,
  `type` varchar(256) DEFAULT NULL,
  `name` varchar(256) DEFAULT NULL,
  `description` varchar(256) DEFAULT NULL,
  `server_location` varchar(256) DEFAULT NULL,
  `server_path` varchar(1024) DEFAULT NULL,
  `image_url` varchar(1024) DEFAULT NULL,
  `thumb_url` varchar(1024) DEFAULT NULL,
  `datetime_created` datetime DEFAULT NULL,
  `datetime_modified` datetime DEFAULT NULL,
  PRIMARY KEY (`photos_id_seq`)
) ENGINE=MyISAM AUTO_INCREMENT=255 DEFAULT CHARSET=latin1;
/*!40101 SET character_set_client = @saved_cs_client */;

--
-- Dumping data for table `photos`
--

LOCK TABLES `photos` WRITE;
/*!40000 ALTER TABLE `photos` DISABLE KEYS */;
INSERT INTO `photos` VALUES (13,1,14,'owners',NULL,NULL,'wedvite.us','/var/www/html/smurf.grep-r.com/auto/public','/pictures/14-phpiwFBj2.png','/pictures/14-phpiwFBj2-thumb.png','2011-03-09 20:56:18','2011-03-21 23:44:19'),(14,1,14,'owners',NULL,NULL,'wedvite.us','/var/www/html/smurf.grep-r.com/auto/public','/pictures/14-phpfsv1Jq.png','/pictures/14-phpfsv1Jq-thumb.png','2011-03-09 20:56:27','2011-03-21 23:45:13'),(15,1,14,'owners',NULL,NULL,'wedvite.us','/var/www/html/smurf.grep-r.com/auto/public','/pictures/14-phpEB0rAm.png','/pictures/14-phpEB0rAm-thumb.png','2011-03-09 21:00:36','2011-03-21 23:47:47'),(16,1,14,'owners',NULL,NULL,'wedvite.us','/var/www/html/smurf.grep-r.com/auto/public','/pictures/14-phpL1X8m4.png','/pictures/14-phpL1X8m4-thumb.png','2011-03-09 21:00:44','2011-03-21 23:47:48'),(17,1,14,'owners',NULL,NULL,'wedvite.us','/var/www/html/smurf.grep-r.com/auto/public','/pictures/14-phpRxT0MO.png','/pictures/14-phpRxT0MO-thumb.png','2011-03-10 07:11:04','2011-03-21 23:47:48'),(18,1,14,'owners',NULL,NULL,'wedvite.us','/var/www/html/smurf.grep-r.com/auto/public','/pictures/14-phphto3Z5.jpeg','/pictures/14-phphto3Z5-thumb.jpeg','2011-03-18 16:57:12','2011-03-21 23:47:48'),(19,NULL,14,'guests',NULL,NULL,'wedvite.us','/var/www/html/smurf.grep-r.com/auto/public','/pictures/14-phpE3qkrj.jpeg','/pictures/14-phpE3qkrj-thumb.jpeg','2011-03-18 16:58:47','0000-00-00 00:00:00'),(20,NULL,14,'guests',NULL,NULL,'wedvite.us','/var/www/html/smurf.grep-r.com/auto/public','/pictures/14-phpkY2lkI.jpeg','/pictures/14-phpkY2lkI-thumb.jpeg','2011-03-18 16:59:13','0000-00-00 00:00:00'),(21,NULL,14,'guests',NULL,NULL,'wedvite.us','/var/www/html/smurf.grep-r.com/auto/public','/pictures/14-phpF1MEw1.octet-stream','/pictures/14-phpF1MEw1-thumb.octet-stream','2011-03-18 18:38:50','0000-00-00 00:00:00'),(22,NULL,14,'guests',NULL,NULL,'wedvite.us','/var/www/html/smurf.grep-r.com/auto/public','/pictures/14-phpgeyUPB.octet-stream','/pictures/14-phpgeyUPB-thumb.octet-stream','2011-03-18 18:39:03','0000-00-00 00:00:00'),(23,NULL,14,'guests',NULL,NULL,'wedvite.us','/var/www/html/smurf.grep-r.com/auto/public','/pictures/14-phpPeksRW.octet-stream','/pictures/14-phpPeksRW-thumb.octet-stream','2011-03-18 18:46:07','0000-00-00 00:00:00'),(24,NULL,14,'guests',NULL,NULL,'wedvite.us','/var/www/html/smurf.grep-r.com/auto/public','/pictures/14-phpi9nSD5.octet-stream','/pictures/14-phpi9nSD5-thumb.octet-stream','2011-03-18 18:48:43','0000-00-00 00:00:00'),(25,NULL,14,'guests',NULL,NULL,'wedvite.us','/var/www/html/smurf.grep-r.com/auto/public','/pictures/14-phpyzgWS8.octet-stream','/pictures/14-phpyzgWS8-thumb.octet-stream','2011-03-18 18:49:40','0000-00-00 00:00:00'),(26,NULL,14,'guests',NULL,NULL,'wedvite.us','/var/www/html/smurf.grep-r.com/auto/public','/pictures/14-phpXpl6SH.octet-stream','/pictures/14-phpXpl6SH-thumb.octet-stream','2011-03-18 18:58:41','0000-00-00 00:00:00'),(27,566708666,14,'owners',NULL,NULL,'smurf.grep-r.com','/var/www/html/smurf.grep-r.com/auto/public','/pictures/14-php20l6Se.png','/pictures/14-php20l6Se-thumb.png','2011-03-21 21:18:23','0000-00-00 00:00:00'),(135,NULL,32,'guests',NULL,NULL,'wedvite.us','/var/www/html/smurf.grep-r.com/auto/public','/pictures/32-phpEd28eh.octet-stream','/pictures/32-phpEd28eh-thumb.octet-stream','2011-10-12 19:33:03','0000-00-00 00:00:00'),(91,NULL,32,'guests',NULL,NULL,'wedvite.us','/var/www/html/smurf.grep-r.com/auto/public','/pictures/32-phpD7llTB.octet-stream','/pictures/32-phpD7llTB-thumb.octet-stream','2011-09-13 23:59:59','0000-00-00 00:00:00'),(137,NULL,32,'guests',NULL,NULL,'wedvite.us','/var/www/html/smurf.grep-r.com/auto/public','/pictures/32-phpgX7Pq3.octet-stream','/pictures/32-phpgX7Pq3-thumb.octet-stream','2011-10-12 19:58:01','0000-00-00 00:00:00'),(30,NULL,20,'guests',NULL,NULL,'wedvite.us','/var/www/html/smurf.grep-r.com/auto/public','/pictures/20-phpqlmlbV.octet-stream','/pictures/20-phpqlmlbV-thumb.octet-stream','2011-03-21 23:00:13','0000-00-00 00:00:00'),(80,NULL,32,'guests',NULL,NULL,'wedvite.us','/var/www/html/smurf.grep-r.com/auto/public','/pictures/32-php95mX4x.octet-stream','/pictures/32-php95mX4x-thumb.octet-stream','2011-09-13 23:51:59','0000-00-00 00:00:00'),(67,NULL,27,'guests',NULL,NULL,'wedvite.us','/var/www/html/smurf.grep-r.com/auto/public','/pictures/27-php8Sf9n9.octet-stream','/pictures/27-php8Sf9n9-thumb.octet-stream','2011-08-10 23:21:04','0000-00-00 00:00:00'),(68,NULL,27,'guests',NULL,NULL,'wedvite.us','/var/www/html/smurf.grep-r.com/auto/public','/pictures/27-phpRaLkS5.octet-stream','/pictures/27-phpRaLkS5-thumb.octet-stream','2011-08-10 23:21:34','0000-00-00 00:00:00'),(69,NULL,27,'guests',NULL,NULL,'wedvite.us','/var/www/html/smurf.grep-r.com/auto/public','/pictures/27-phpnep2tI.octet-stream','/pictures/27-phpnep2tI-thumb.octet-stream','2011-08-10 23:21:51','0000-00-00 00:00:00'),(70,NULL,27,'guests',NULL,NULL,'wedvite.us','/var/www/html/smurf.grep-r.com/auto/public','/pictures/27-phpjaStOK.octet-stream','/pictures/27-phpjaStOK-thumb.octet-stream','2011-08-10 23:21:57','0000-00-00 00:00:00'),(71,NULL,27,'guests',NULL,NULL,'wedvite.us','/var/www/html/smurf.grep-r.com/auto/public','/pictures/27-phpNWRxM1.octet-stream','/pictures/27-phpNWRxM1-thumb.octet-stream','2011-08-10 23:22:02','0000-00-00 00:00:00'),(72,NULL,39,'guests',NULL,NULL,'wedvite.us','/var/www/html/smurf.grep-r.com/auto/public','/pictures/39-php1N24bj.octet-stream','/pictures/39-php1N24bj-thumb.octet-stream','2011-08-22 19:26:12','0000-00-00 00:00:00'),(73,NULL,39,'guests',NULL,NULL,'wedvite.us','/var/www/html/smurf.grep-r.com/auto/public','/pictures/39-phpiE5duW.octet-stream','/pictures/39-phpiE5duW-thumb.octet-stream','2011-08-22 19:48:06','0000-00-00 00:00:00'),(74,NULL,32,'guests',NULL,NULL,'wedvite.us','/var/www/html/smurf.grep-r.com/auto/public','/pictures/32-phphbFLrw.octet-stream','/pictures/32-phphbFLrw-thumb.octet-stream','2011-08-23 15:28:31','0000-00-00 00:00:00'),(75,NULL,38,'guests',NULL,NULL,'wedvite.us','/var/www/html/smurf.grep-r.com/auto/public','/pictures/38-phpEE9RNu.octet-stream','/pictures/38-phpEE9RNu-thumb.octet-stream','2011-08-24 18:42:20','0000-00-00 00:00:00'),(79,NULL,32,'guests',NULL,NULL,'wedvite.us','/var/www/html/smurf.grep-r.com/auto/public','/pictures/32-phpeGINwa.octet-stream','/pictures/32-phpeGINwa-thumb.octet-stream','2011-09-02 16:11:29','0000-00-00 00:00:00'),(77,NULL,32,'guests',NULL,NULL,'wedvite.us','/var/www/html/smurf.grep-r.com/auto/public','/pictures/32-phppfpkof.octet-stream','/pictures/32-phppfpkof-thumb.octet-stream','2011-08-26 19:22:27','0000-00-00 00:00:00'),(170,NULL,32,'guests',NULL,NULL,'wedvite.us','/var/www/html/smurf.grep-r.com/auto/public','/pictures/32-phpUYYAyI.octet-stream','/pictures/32-phpUYYAyI-thumb.octet-stream','2011-10-14 00:52:13','0000-00-00 00:00:00'),(82,NULL,32,'guests',NULL,NULL,'wedvite.us','/var/www/html/smurf.grep-r.com/auto/public','/pictures/32-phpKpLKO8.octet-stream','/pictures/32-phpKpLKO8-thumb.octet-stream','2011-09-13 23:54:06','0000-00-00 00:00:00'),(83,NULL,32,'guests',NULL,NULL,'wedvite.us','/var/www/html/smurf.grep-r.com/auto/public','/pictures/32-phpABDjc6.octet-stream','/pictures/32-phpABDjc6-thumb.octet-stream','2011-09-13 23:54:21','0000-00-00 00:00:00'),(84,NULL,32,'guests',NULL,NULL,'wedvite.us','/var/www/html/smurf.grep-r.com/auto/public','/pictures/32-php7pjDkf.octet-stream','/pictures/32-php7pjDkf-thumb.octet-stream','2011-09-13 23:55:46','0000-00-00 00:00:00'),(138,NULL,32,'guests',NULL,NULL,'wedvite.us','/var/www/html/smurf.grep-r.com/auto/public','/pictures/32-phpVbmdUW.octet-stream','/pictures/32-phpVbmdUW-thumb.octet-stream','2011-10-12 19:58:30','0000-00-00 00:00:00'),(168,NULL,32,'guests',NULL,NULL,'wedvite.us','/var/www/html/smurf.grep-r.com/auto/public','/pictures/32-phpRGkDGi.octet-stream','/pictures/32-phpRGkDGi-thumb.octet-stream','2011-10-13 22:47:16','0000-00-00 00:00:00'),(87,NULL,32,'guests',NULL,NULL,'wedvite.us','/var/www/html/smurf.grep-r.com/auto/public','/pictures/32-phpnfA91u.octet-stream','/pictures/32-phpnfA91u-thumb.octet-stream','2011-09-13 23:57:49','0000-00-00 00:00:00'),(136,NULL,32,'guests',NULL,NULL,'wedvite.us','/var/www/html/smurf.grep-r.com/auto/public','/pictures/32-phpIc5bxd.octet-stream','/pictures/32-phpIc5bxd-thumb.octet-stream','2011-10-12 19:56:07','0000-00-00 00:00:00'),(92,NULL,32,'guests',NULL,NULL,'wedvite.us','/var/www/html/smurf.grep-r.com/auto/public','/pictures/32-php2kckkA.octet-stream','/pictures/32-php2kckkA-thumb.octet-stream','2011-09-14 00:07:48','0000-00-00 00:00:00'),(94,NULL,32,'guests',NULL,NULL,'wedvite.us','/var/www/html/smurf.grep-r.com/auto/public','/pictures/32-phpNiE9Hn.octet-stream','/pictures/32-phpNiE9Hn-thumb.octet-stream','2011-09-14 14:03:30','0000-00-00 00:00:00'),(95,NULL,32,'guests',NULL,NULL,'wedvite.us','/var/www/html/smurf.grep-r.com/auto/public','/pictures/32-phpYe2TSI.octet-stream','/pictures/32-phpYe2TSI-thumb.octet-stream','2011-09-14 14:04:09','0000-00-00 00:00:00'),(96,NULL,32,'guests',NULL,NULL,'wedvite.us','/var/www/html/smurf.grep-r.com/auto/public','/pictures/32-phpdDc92e.octet-stream','/pictures/32-phpdDc92e-thumb.octet-stream','2011-09-14 14:29:37','0000-00-00 00:00:00'),(97,NULL,32,'guests',NULL,NULL,'wedvite.us','/var/www/html/smurf.grep-r.com/auto/public','/pictures/32-phpo8JGq9.octet-stream','/pictures/32-phpo8JGq9-thumb.octet-stream','2011-09-14 14:41:07','0000-00-00 00:00:00'),(98,NULL,32,'guests',NULL,NULL,'wedvite.us','/var/www/html/smurf.grep-r.com/auto/public','/pictures/32-phpRjIAKN.octet-stream','/pictures/32-phpRjIAKN-thumb.octet-stream','2011-09-14 14:41:32','0000-00-00 00:00:00'),(99,NULL,32,'guests',NULL,NULL,'wedvite.us','/var/www/html/smurf.grep-r.com/auto/public','/pictures/32-phpu7h4Tv.octet-stream','/pictures/32-phpu7h4Tv-thumb.octet-stream','2011-09-14 14:43:31','0000-00-00 00:00:00'),(134,NULL,32,'guests',NULL,NULL,'wedvite.us','/var/www/html/smurf.grep-r.com/auto/public','/pictures/32-phpCYXQV1.octet-stream','/pictures/32-phpCYXQV1-thumb.octet-stream','2011-10-12 19:30:45','0000-00-00 00:00:00'),(101,NULL,32,'guests',NULL,NULL,'wedvite.us','/var/www/html/smurf.grep-r.com/auto/public','/pictures/32-phprTgW3N.octet-stream','/pictures/32-phprTgW3N-thumb.octet-stream','2011-09-14 14:47:22','0000-00-00 00:00:00'),(102,NULL,32,'guests',NULL,NULL,'wedvite.us','/var/www/html/smurf.grep-r.com/auto/public','/pictures/32-phpbCYcwv.octet-stream','/pictures/32-phpbCYcwv-thumb.octet-stream','2011-09-14 14:47:29','0000-00-00 00:00:00'),(103,NULL,32,'guests',NULL,NULL,'wedvite.us','/var/www/html/smurf.grep-r.com/auto/public','/pictures/32-phpH6hSs0.octet-stream','/pictures/32-phpH6hSs0-thumb.octet-stream','2011-09-14 14:47:52','0000-00-00 00:00:00'),(104,NULL,32,'guests',NULL,NULL,'wedvite.us','/var/www/html/smurf.grep-r.com/auto/public','/pictures/32-phpCdG8W9.octet-stream','/pictures/32-phpCdG8W9-thumb.octet-stream','2011-09-14 14:49:44','0000-00-00 00:00:00'),(105,NULL,32,'guests',NULL,NULL,'wedvite.us','/var/www/html/smurf.grep-r.com/auto/public','/pictures/32-phpjptqMG.octet-stream','/pictures/32-phpjptqMG-thumb.octet-stream','2011-09-14 14:50:12','0000-00-00 00:00:00'),(106,NULL,32,'guests',NULL,NULL,'wedvite.us','/var/www/html/smurf.grep-r.com/auto/public','/pictures/32-phpHPSl9S.octet-stream','/pictures/32-phpHPSl9S-thumb.octet-stream','2011-09-14 14:50:42','0000-00-00 00:00:00'),(110,NULL,53,'guests',NULL,NULL,'wedvite.us','/var/www/html/smurf.grep-r.com/auto/public','/pictures/53-phpaRzErt.octet-stream','/pictures/53-phpaRzErt-thumb.octet-stream','2011-09-22 17:55:27','0000-00-00 00:00:00'),(108,NULL,52,'guests',NULL,NULL,'wedvite.us','/var/www/html/smurf.grep-r.com/auto/public','/pictures/52-phpC7R1xE.octet-stream','/pictures/52-phpC7R1xE-thumb.octet-stream','2011-09-18 22:41:37','0000-00-00 00:00:00'),(111,NULL,27,'guests',NULL,NULL,'wedvite.us','/var/www/html/smurf.grep-r.com/auto/public','/pictures/27-phpCaPfez.octet-stream','/pictures/27-phpCaPfez-thumb.octet-stream','2011-09-23 14:36:43','0000-00-00 00:00:00'),(112,NULL,27,'guests',NULL,NULL,'wedvite.us','/var/www/html/smurf.grep-r.com/auto/public','/pictures/27-phpdyMBSH.octet-stream','/pictures/27-phpdyMBSH-thumb.octet-stream','2011-09-23 14:36:48','0000-00-00 00:00:00'),(113,NULL,27,'guests',NULL,NULL,'wedvite.us','/var/www/html/smurf.grep-r.com/auto/public','/pictures/27-php88gPt6.octet-stream','/pictures/27-php88gPt6-thumb.octet-stream','2011-09-23 14:36:52','0000-00-00 00:00:00'),(114,NULL,27,'guests',NULL,NULL,'wedvite.us','/var/www/html/smurf.grep-r.com/auto/public','/pictures/27-phpJSNsAM.octet-stream','/pictures/27-phpJSNsAM-thumb.octet-stream','2011-09-23 14:36:59','0000-00-00 00:00:00'),(115,NULL,27,'guests',NULL,NULL,'wedvite.us','/var/www/html/smurf.grep-r.com/auto/public','/pictures/27-phpi5rv9l.octet-stream','/pictures/27-phpi5rv9l-thumb.octet-stream','2011-09-23 14:37:04','0000-00-00 00:00:00'),(116,NULL,27,'guests',NULL,NULL,'wedvite.us','/var/www/html/smurf.grep-r.com/auto/public','/pictures/27-phpAYpXjS.octet-stream','/pictures/27-phpAYpXjS-thumb.octet-stream','2011-09-23 14:37:08','0000-00-00 00:00:00'),(117,NULL,27,'guests',NULL,NULL,'wedvite.us','/var/www/html/smurf.grep-r.com/auto/public','/pictures/27-phpiS4tD5.octet-stream','/pictures/27-phpiS4tD5-thumb.octet-stream','2011-09-23 14:37:12','0000-00-00 00:00:00'),(118,NULL,27,'guests',NULL,NULL,'wedvite.us','/var/www/html/smurf.grep-r.com/auto/public','/pictures/27-phpnyPfMD.octet-stream','/pictures/27-phpnyPfMD-thumb.octet-stream','2011-09-23 14:37:17','0000-00-00 00:00:00'),(119,NULL,27,'guests',NULL,NULL,'wedvite.us','/var/www/html/smurf.grep-r.com/auto/public','/pictures/27-phpDI15xp.octet-stream','/pictures/27-phpDI15xp-thumb.octet-stream','2011-09-23 14:37:22','0000-00-00 00:00:00'),(120,NULL,27,'guests',NULL,NULL,'wedvite.us','/var/www/html/smurf.grep-r.com/auto/public','/pictures/27-phpHwb7ew.octet-stream','/pictures/27-phpHwb7ew-thumb.octet-stream','2011-09-23 14:37:42','0000-00-00 00:00:00'),(121,NULL,27,'guests',NULL,NULL,'wedvite.us','/var/www/html/smurf.grep-r.com/auto/public','/pictures/27-phpfUEFFq.octet-stream','/pictures/27-phpfUEFFq-thumb.octet-stream','2011-09-23 14:37:47','0000-00-00 00:00:00'),(122,NULL,27,'guests',NULL,NULL,'wedvite.us','/var/www/html/smurf.grep-r.com/auto/public','/pictures/27-phpZnzb1n.octet-stream','/pictures/27-phpZnzb1n-thumb.octet-stream','2011-09-23 14:37:53','0000-00-00 00:00:00'),(123,NULL,27,'guests',NULL,NULL,'wedvite.us','/var/www/html/smurf.grep-r.com/auto/public','/pictures/27-phpSioHN2.octet-stream','/pictures/27-phpSioHN2-thumb.octet-stream','2011-09-23 14:37:57','0000-00-00 00:00:00'),(124,NULL,27,'guests',NULL,NULL,'wedvite.us','/var/www/html/smurf.grep-r.com/auto/public','/pictures/27-phpO3RQUW.octet-stream','/pictures/27-phpO3RQUW-thumb.octet-stream','2011-09-23 14:38:03','0000-00-00 00:00:00'),(125,NULL,27,'guests',NULL,NULL,'wedvite.us','/var/www/html/smurf.grep-r.com/auto/public','/pictures/27-phpXBezkR.octet-stream','/pictures/27-phpXBezkR-thumb.octet-stream','2011-09-23 14:38:08','0000-00-00 00:00:00'),(126,NULL,27,'guests',NULL,NULL,'wedvite.us','/var/www/html/smurf.grep-r.com/auto/public','/pictures/27-phpKAuuaS.octet-stream','/pictures/27-phpKAuuaS-thumb.octet-stream','2011-09-23 14:38:14','0000-00-00 00:00:00'),(127,NULL,27,'guests',NULL,NULL,'wedvite.us','/var/www/html/smurf.grep-r.com/auto/public','/pictures/27-phpdZqCvh.octet-stream','/pictures/27-phpdZqCvh-thumb.octet-stream','2011-09-23 14:38:19','0000-00-00 00:00:00'),(128,NULL,27,'guests',NULL,NULL,'wedvite.us','/var/www/html/smurf.grep-r.com/auto/public','/pictures/27-phpK07HLm.octet-stream','/pictures/27-phpK07HLm-thumb.octet-stream','2011-09-23 14:38:24','0000-00-00 00:00:00'),(129,NULL,27,'guests',NULL,NULL,'wedvite.us','/var/www/html/smurf.grep-r.com/auto/public','/pictures/27-phpYnDWdr.octet-stream','/pictures/27-phpYnDWdr-thumb.octet-stream','2011-09-23 14:38:28','0000-00-00 00:00:00'),(130,NULL,27,'guests',NULL,NULL,'wedvite.us','/var/www/html/smurf.grep-r.com/auto/public','/pictures/27-phpwih6rg.octet-stream','/pictures/27-phpwih6rg-thumb.octet-stream','2011-09-23 14:38:35','0000-00-00 00:00:00'),(169,NULL,32,'guests',NULL,NULL,'wedvite.us','/var/www/html/smurf.grep-r.com/auto/public','/pictures/32-phpi20VzA.octet-stream','/pictures/32-phpi20VzA-thumb.octet-stream','2011-10-14 00:48:00','0000-00-00 00:00:00'),(186,NULL,32,'guests',NULL,NULL,'s3.amazonaws.com/wedvite-photos','','/32-phpBCQq1G.octet-stream','/32-phpBCQq1G-thumb.octet-stream','2011-10-28 06:37:22','0000-00-00 00:00:00'),(187,NULL,97,'guests',NULL,NULL,'s3.amazonaws.com/wedvite-photos','','/97-phpttXrEH.octet-stream','/97-phpttXrEH-thumb.octet-stream','2011-11-06 11:49:52','0000-00-00 00:00:00'),(139,NULL,32,'guests',NULL,NULL,'wedvite.us','/var/www/html/smurf.grep-r.com/auto/public','/pictures/32-phpxwmW4g.octet-stream','/pictures/32-phpxwmW4g-thumb.octet-stream','2011-10-12 20:01:31','0000-00-00 00:00:00'),(140,NULL,32,'guests',NULL,NULL,'wedvite.us','/var/www/html/smurf.grep-r.com/auto/public','/pictures/32-phpRteLBf.octet-stream','/pictures/32-phpRteLBf-thumb.octet-stream','2011-10-12 20:02:50','0000-00-00 00:00:00'),(141,NULL,32,'guests',NULL,NULL,'wedvite.us','/var/www/html/smurf.grep-r.com/auto/public','/pictures/32-phpIeYt77.octet-stream','/pictures/32-phpIeYt77-thumb.octet-stream','2011-10-12 20:03:29','0000-00-00 00:00:00'),(142,NULL,32,'guests',NULL,NULL,'wedvite.us','/var/www/html/smurf.grep-r.com/auto/public','/pictures/32-phpkLrAse.octet-stream','/pictures/32-phpkLrAse-thumb.octet-stream','2011-10-12 20:03:33','0000-00-00 00:00:00'),(143,NULL,32,'guests',NULL,NULL,'wedvite.us','/var/www/html/smurf.grep-r.com/auto/public','/pictures/32-phpuqeUu1.octet-stream','/pictures/32-phpuqeUu1-thumb.octet-stream','2011-10-12 20:08:39','0000-00-00 00:00:00'),(144,NULL,32,'guests',NULL,NULL,'wedvite.us','/var/www/html/smurf.grep-r.com/auto/public','/pictures/32-phpKoaIaD.octet-stream','/pictures/32-phpKoaIaD-thumb.octet-stream','2011-10-12 20:10:15','0000-00-00 00:00:00'),(145,NULL,32,'guests',NULL,NULL,'wedvite.us','/var/www/html/smurf.grep-r.com/auto/public','/pictures/32-phpLnYlwu.octet-stream','/pictures/32-phpLnYlwu-thumb.octet-stream','2011-10-12 20:11:06','0000-00-00 00:00:00'),(146,NULL,32,'guests',NULL,NULL,'wedvite.us','/var/www/html/smurf.grep-r.com/auto/public','/pictures/32-phpWKUCcm.octet-stream','/pictures/32-phpWKUCcm-thumb.octet-stream','2011-10-12 20:13:10','0000-00-00 00:00:00'),(147,NULL,32,'guests',NULL,NULL,'wedvite.us','/var/www/html/smurf.grep-r.com/auto/public','/pictures/32-phpJWARxC.octet-stream','/pictures/32-phpJWARxC-thumb.octet-stream','2011-10-12 20:17:06','0000-00-00 00:00:00'),(148,NULL,32,'guests',NULL,NULL,'wedvite.us','/var/www/html/smurf.grep-r.com/auto/public','/pictures/32-phpM6YlbV.octet-stream','/pictures/32-phpM6YlbV-thumb.octet-stream','2011-10-12 20:17:23','0000-00-00 00:00:00'),(149,NULL,32,'guests',NULL,NULL,'wedvite.us','/var/www/html/smurf.grep-r.com/auto/public','/pictures/32-phpoRG87k.octet-stream','/pictures/32-phpoRG87k-thumb.octet-stream','2011-10-12 20:17:40','0000-00-00 00:00:00'),(150,NULL,32,'guests',NULL,NULL,'wedvite.us','/var/www/html/smurf.grep-r.com/auto/public','/pictures/32-phpau1UAt.octet-stream','/pictures/32-phpau1UAt-thumb.octet-stream','2011-10-12 20:21:11','0000-00-00 00:00:00'),(151,NULL,32,'guests',NULL,NULL,'wedvite.us','/var/www/html/smurf.grep-r.com/auto/public','/pictures/32-phpCAMNBH.octet-stream','/pictures/32-phpCAMNBH-thumb.octet-stream','2011-10-12 20:23:19','0000-00-00 00:00:00'),(152,NULL,33,'guests',NULL,NULL,'wedvite.us','/var/www/html/smurf.grep-r.com/auto/public','/pictures/33-phplk2YjT.octet-stream','/pictures/33-phplk2YjT-thumb.octet-stream','2011-10-12 20:32:27','0000-00-00 00:00:00'),(153,NULL,33,'guests',NULL,NULL,'wedvite.us','/var/www/html/smurf.grep-r.com/auto/public','/pictures/33-phpoezgqj.octet-stream','/pictures/33-phpoezgqj-thumb.octet-stream','2011-10-12 20:32:52','0000-00-00 00:00:00'),(154,NULL,33,'guests',NULL,NULL,'wedvite.us','/var/www/html/smurf.grep-r.com/auto/public','/pictures/33-phpA87QA1.octet-stream','/pictures/33-phpA87QA1-thumb.octet-stream','2011-10-12 20:33:39','0000-00-00 00:00:00'),(156,NULL,32,'guests',NULL,NULL,'wedvite.us','/var/www/html/smurf.grep-r.com/auto/public','/pictures/32-phpqBT8Yw.octet-stream','/pictures/32-phpqBT8Yw-thumb.octet-stream','2011-10-12 22:40:04','0000-00-00 00:00:00'),(157,NULL,32,'guests',NULL,NULL,'wedvite.us','/var/www/html/smurf.grep-r.com/auto/public','/pictures/32-phpkkOmY0.octet-stream','/pictures/32-phpkkOmY0-thumb.octet-stream','2011-10-12 22:40:20','0000-00-00 00:00:00'),(158,NULL,32,'guests',NULL,NULL,'wedvite.us','/var/www/html/smurf.grep-r.com/auto/public','/pictures/32-phprnau3J.octet-stream','/pictures/32-phprnau3J-thumb.octet-stream','2011-10-12 22:41:32','0000-00-00 00:00:00'),(159,NULL,32,'guests',NULL,NULL,'wedvite.us','/var/www/html/smurf.grep-r.com/auto/public','/pictures/32-phpnVt2LE.octet-stream','/pictures/32-phpnVt2LE-thumb.octet-stream','2011-10-12 22:43:23','0000-00-00 00:00:00'),(160,NULL,32,'guests',NULL,NULL,'wedvite.us','/var/www/html/smurf.grep-r.com/auto/public','/pictures/32-phpgIKq6N.octet-stream','/pictures/32-phpgIKq6N-thumb.octet-stream','2011-10-12 22:43:52','0000-00-00 00:00:00'),(161,NULL,32,'guests',NULL,NULL,'wedvite.us','/var/www/html/smurf.grep-r.com/auto/public','/pictures/32-phpQOBmOn.octet-stream','/pictures/32-phpQOBmOn-thumb.octet-stream','2011-10-12 23:07:17','0000-00-00 00:00:00'),(162,NULL,32,'guests',NULL,NULL,'wedvite.us','/var/www/html/smurf.grep-r.com/auto/public','/pictures/32-phpbGB7Il.octet-stream','/pictures/32-phpbGB7Il-thumb.octet-stream','2011-10-12 23:08:07','0000-00-00 00:00:00'),(163,NULL,32,'guests',NULL,NULL,'wedvite.us','/var/www/html/smurf.grep-r.com/auto/public','/pictures/32-phptn5jXY.octet-stream','/pictures/32-phptn5jXY-thumb.octet-stream','2011-10-12 23:08:24','0000-00-00 00:00:00'),(164,NULL,32,'guests',NULL,NULL,'wedvite.us','/var/www/html/smurf.grep-r.com/auto/public','/pictures/32-phpfdY5QG.octet-stream','/pictures/32-phpfdY5QG-thumb.octet-stream','2011-10-12 23:14:09','0000-00-00 00:00:00'),(176,NULL,32,'guests',NULL,NULL,'s3.amazonaws.com/wedvite-photos','','/32-phpeZ7rmZ.octet-stream','/32-phpeZ7rmZ-thumb.octet-stream','2011-10-17 21:51:11','0000-00-00 00:00:00'),(177,NULL,32,'guests',NULL,NULL,'s3.amazonaws.com/wedvite-photos','','/32-phpj0UvtA.octet-stream','/32-phpj0UvtA-thumb.octet-stream','2011-10-17 21:53:04','0000-00-00 00:00:00'),(167,NULL,32,'guests',NULL,NULL,'wedvite.us','/var/www/html/smurf.grep-r.com/auto/public','/pictures/32-phpw924DS.octet-stream','/pictures/32-phpw924DS-thumb.octet-stream','2011-10-12 23:14:46','0000-00-00 00:00:00'),(173,NULL,32,'guests',NULL,NULL,'wedvite.us','/var/www/html/smurf.grep-r.com/auto/public','/pictures/32-php892xmG.octet-stream','/pictures/32-php892xmG-thumb.octet-stream','2011-10-16 20:55:02','0000-00-00 00:00:00'),(171,NULL,32,'guests',NULL,NULL,'wedvite.us','/var/www/html/smurf.grep-r.com/auto/public','/pictures/32-phpWrZXip.octet-stream','/pictures/32-phpWrZXip-thumb.octet-stream','2011-10-14 16:56:57','0000-00-00 00:00:00'),(172,NULL,32,'guests',NULL,NULL,'wedvite.us','/var/www/html/smurf.grep-r.com/auto/public','/pictures/32-phpBY1so1.octet-stream','/pictures/32-phpBY1so1-thumb.octet-stream','2011-10-16 20:51:43','0000-00-00 00:00:00'),(178,NULL,32,'guests',NULL,NULL,'s3.amazonaws.com/wedvite-photos','','/32-php6Z8E64.octet-stream','/32-php6Z8E64-thumb.octet-stream','2011-10-17 22:33:02','0000-00-00 00:00:00'),(179,NULL,32,'guests',NULL,NULL,'s3.amazonaws.com/wedvite-photos','','/32-phpI714DL.octet-stream','/32-phpI714DL-thumb.octet-stream','2011-10-18 08:12:49','0000-00-00 00:00:00'),(180,NULL,32,'guests',NULL,NULL,'s3.amazonaws.com/wedvite-photos','','/32-phpztl6Ry.octet-stream','/32-phpztl6Ry-thumb.octet-stream','2011-10-18 08:31:31','0000-00-00 00:00:00'),(181,NULL,32,'guests',NULL,NULL,'s3.amazonaws.com/wedvite-photos','','/32-phpRcewb6.octet-stream','/32-phpRcewb6-thumb.octet-stream','2011-10-18 08:41:05','0000-00-00 00:00:00'),(182,NULL,32,'guests',NULL,NULL,'s3.amazonaws.com/wedvite-photos','','/32-phpYSYcq0.octet-stream','/32-phpYSYcq0-thumb.octet-stream','2011-10-18 08:42:18','0000-00-00 00:00:00'),(183,NULL,32,'guests',NULL,NULL,'s3.amazonaws.com/wedvite-photos','','/32-phpPZEp56.octet-stream','/32-phpPZEp56-thumb.octet-stream','2011-10-18 08:43:15','0000-00-00 00:00:00'),(184,NULL,32,'guests',NULL,NULL,'s3.amazonaws.com/wedvite-photos','','/32-phpkTRjMO.octet-stream','/32-phpkTRjMO-thumb.octet-stream','2011-10-18 08:53:04','0000-00-00 00:00:00'),(185,NULL,32,'guests',NULL,NULL,'s3.amazonaws.com/wedvite-photos','','/32-phpWbMg1r.octet-stream','/32-phpWbMg1r-thumb.octet-stream','2011-10-18 17:12:02','0000-00-00 00:00:00'),(189,NULL,97,'guests',NULL,NULL,'s3.amazonaws.com/wedvite-photos','','/97-phpNj8QDW.octet-stream','/97-phpNj8QDW-thumb.octet-stream','2011-11-06 12:40:20','0000-00-00 00:00:00'),(190,NULL,97,'guests',NULL,NULL,'s3.amazonaws.com/wedvite-photos','','/97-phposJip5.octet-stream','/97-phposJip5-thumb.octet-stream','2011-11-06 12:40:29','0000-00-00 00:00:00'),(192,NULL,97,'guests',NULL,NULL,'s3.amazonaws.com/wedvite-photos','','/97-phpQjoaq6.octet-stream','/97-phpQjoaq6-thumb.octet-stream','2011-11-06 12:40:59','0000-00-00 00:00:00'),(193,NULL,97,'guests',NULL,NULL,'s3.amazonaws.com/wedvite-photos','','/97-phpcXwU89.octet-stream','/97-phpcXwU89-thumb.octet-stream','2011-11-06 12:41:50','0000-00-00 00:00:00'),(194,NULL,97,'guests',NULL,NULL,'s3.amazonaws.com/wedvite-photos','','/97-phpXFoPQr.octet-stream','/97-phpXFoPQr-thumb.octet-stream','2011-11-06 12:41:58','0000-00-00 00:00:00'),(195,NULL,97,'guests',NULL,NULL,'s3.amazonaws.com/wedvite-photos','','/97-php1ysDxy.octet-stream','/97-php1ysDxy-thumb.octet-stream','2011-11-06 12:42:09','0000-00-00 00:00:00'),(196,NULL,97,'guests',NULL,NULL,'s3.amazonaws.com/wedvite-photos','','/97-phpJKHhfZ.octet-stream','/97-phpJKHhfZ-thumb.octet-stream','2011-11-06 12:42:16','0000-00-00 00:00:00'),(197,NULL,97,'guests',NULL,NULL,'s3.amazonaws.com/wedvite-photos','','/97-phpZtbN1J.octet-stream','/97-phpZtbN1J-thumb.octet-stream','2011-11-06 12:42:24','0000-00-00 00:00:00'),(198,NULL,97,'guests',NULL,NULL,'s3.amazonaws.com/wedvite-photos','','/97-phppS7imM.octet-stream','/97-phppS7imM-thumb.octet-stream','2011-11-06 12:42:30','0000-00-00 00:00:00'),(199,NULL,97,'guests',NULL,NULL,'s3.amazonaws.com/wedvite-photos','','/97-phpl7QxSz.octet-stream','/97-phpl7QxSz-thumb.octet-stream','2011-11-06 12:42:41','0000-00-00 00:00:00'),(200,NULL,97,'guests',NULL,NULL,'s3.amazonaws.com/wedvite-photos','','/97-phpnJiG8X.octet-stream','/97-phpnJiG8X-thumb.octet-stream','2011-11-06 12:42:52','0000-00-00 00:00:00'),(201,NULL,97,'guests',NULL,NULL,'s3.amazonaws.com/wedvite-photos','','/97-phpSe4Qu6.octet-stream','/97-phpSe4Qu6-thumb.octet-stream','2011-11-06 12:42:59','0000-00-00 00:00:00'),(202,NULL,97,'guests',NULL,NULL,'s3.amazonaws.com/wedvite-photos','','/97-phpF88QHv.octet-stream','/97-phpF88QHv-thumb.octet-stream','2011-11-06 12:43:04','0000-00-00 00:00:00'),(205,NULL,33,'guests',NULL,NULL,'s3.amazonaws.com/wedvite-photos','','/33-php30E0LG.octet-stream','/33-php30E0LG-thumb.octet-stream','2011-12-25 16:50:42','0000-00-00 00:00:00'),(204,NULL,32,'guests',NULL,NULL,'s3.amazonaws.com/wedvite-photos','','/32-phpTS0lB6.octet-stream','/32-phpTS0lB6-thumb.octet-stream','2011-11-13 20:07:39','0000-00-00 00:00:00'),(206,NULL,41,'guests',NULL,NULL,'s3.amazonaws.com/wedvite-photos','','/41-phpImDXon.octet-stream','/41-phpImDXon-thumb.octet-stream','2011-12-25 16:53:21','0000-00-00 00:00:00'),(207,NULL,27,'guests',NULL,NULL,'s3.amazonaws.com/wedvite-photos','','/27-phpuTKtcE.octet-stream','/27-phpuTKtcE-thumb.octet-stream','2012-01-06 04:38:48','0000-00-00 00:00:00'),(208,NULL,27,'guests',NULL,NULL,'s3.amazonaws.com/wedvite-photos','','/27-phpqustYt.octet-stream','/27-phpqustYt-thumb.octet-stream','2012-01-06 04:39:10','0000-00-00 00:00:00'),(209,NULL,27,'guests',NULL,NULL,'s3.amazonaws.com/wedvite-photos','','/27-phpK3cMOR.octet-stream','/27-phpK3cMOR-thumb.octet-stream','2012-01-06 04:39:39','0000-00-00 00:00:00'),(210,NULL,27,'guests',NULL,NULL,'s3.amazonaws.com/wedvite-photos','','/27-phpipPh9d.octet-stream','/27-phpipPh9d-thumb.octet-stream','2012-01-06 04:41:34','0000-00-00 00:00:00'),(211,NULL,27,'guests',NULL,NULL,'s3.amazonaws.com/wedvite-photos','','/27-phpOiOWq6.octet-stream','/27-phpOiOWq6-thumb.octet-stream','2012-01-12 13:28:18','0000-00-00 00:00:00'),(213,NULL,123,'guests',NULL,NULL,'s3.amazonaws.com/wedvite-photos','','/123-phpIFCcfX.octet-stream','/123-phpIFCcfX-thumb.octet-stream','2012-01-14 18:02:12','0000-00-00 00:00:00'),(214,NULL,123,'guests',NULL,NULL,'s3.amazonaws.com/wedvite-photos','','/123-phpTxhm5b.octet-stream','/123-phpTxhm5b-thumb.octet-stream','2012-01-14 18:02:39','0000-00-00 00:00:00'),(215,NULL,123,'guests',NULL,NULL,'s3.amazonaws.com/wedvite-photos','','/123-phpK7Pqex.octet-stream','/123-phpK7Pqex-thumb.octet-stream','2012-01-14 18:02:45','0000-00-00 00:00:00'),(216,NULL,123,'guests',NULL,NULL,'s3.amazonaws.com/wedvite-photos','','/123-phpG1upOE.octet-stream','/123-phpG1upOE-thumb.octet-stream','2012-01-14 18:03:13','0000-00-00 00:00:00'),(217,NULL,123,'guests',NULL,NULL,'s3.amazonaws.com/wedvite-photos','','/123-php5FAd3B.octet-stream','/123-php5FAd3B-thumb.octet-stream','2012-01-15 11:13:25','0000-00-00 00:00:00'),(218,NULL,123,'guests',NULL,NULL,'s3.amazonaws.com/wedvite-photos','','/123-phpFOr2N4.octet-stream','/123-phpFOr2N4-thumb.octet-stream','2012-01-15 11:13:50','0000-00-00 00:00:00'),(219,NULL,123,'guests',NULL,NULL,'s3.amazonaws.com/wedvite-photos','','/123-php04AbWU.octet-stream','/123-php04AbWU-thumb.octet-stream','2012-01-15 13:12:06','0000-00-00 00:00:00'),(220,NULL,27,'guests',NULL,NULL,'s3.amazonaws.com/wedvite-photos','','/27-phpSsoLkZ.octet-stream','/27-phpSsoLkZ-thumb.octet-stream','2012-01-18 00:20:04','0000-00-00 00:00:00'),(221,NULL,140,'guests',NULL,NULL,'s3.amazonaws.com/wedvite-photos','','/140-phpt6ga1S.octet-stream','/140-phpt6ga1S-thumb.octet-stream','2012-01-18 00:20:45','0000-00-00 00:00:00'),(222,NULL,140,'guests',NULL,NULL,'s3.amazonaws.com/wedvite-photos','','/140-phpADvjmQ.octet-stream','/140-phpADvjmQ-thumb.octet-stream','2012-01-18 00:21:26','0000-00-00 00:00:00'),(223,NULL,123,'guests',NULL,NULL,'s3.amazonaws.com/wedvite-photos','','/123-phpkGzMs8.octet-stream','/123-phpkGzMs8-thumb.octet-stream','2012-01-28 17:14:53','0000-00-00 00:00:00'),(224,NULL,123,'guests',NULL,NULL,'s3.amazonaws.com/wedvite-photos','','/123-phpEwx8SF.octet-stream','/123-phpEwx8SF-thumb.octet-stream','2012-01-28 17:15:04','0000-00-00 00:00:00'),(225,NULL,123,'guests',NULL,NULL,'s3.amazonaws.com/wedvite-photos','','/123-phpUQr73f.octet-stream','/123-phpUQr73f-thumb.octet-stream','2012-01-28 17:15:38','0000-00-00 00:00:00'),(226,NULL,123,'guests',NULL,NULL,'s3.amazonaws.com/wedvite-photos','','/123-phpNzd52D.octet-stream','/123-phpNzd52D-thumb.octet-stream','2012-01-28 17:15:49','0000-00-00 00:00:00'),(227,NULL,123,'guests',NULL,NULL,'s3.amazonaws.com/wedvite-photos','','/123-php4QLieh.octet-stream','/123-php4QLieh-thumb.octet-stream','2012-01-28 17:16:00','0000-00-00 00:00:00'),(228,NULL,123,'guests',NULL,NULL,'s3.amazonaws.com/wedvite-photos','','/123-phpD2DrUQ.octet-stream','/123-phpD2DrUQ-thumb.octet-stream','2012-01-28 17:16:37','0000-00-00 00:00:00'),(229,NULL,123,'guests',NULL,NULL,'s3.amazonaws.com/wedvite-photos','','/123-phpnLwptT.octet-stream','/123-phpnLwptT-thumb.octet-stream','2012-01-28 17:16:46','0000-00-00 00:00:00'),(230,NULL,123,'guests',NULL,NULL,'s3.amazonaws.com/wedvite-photos','','/123-phptsyKp2.octet-stream','/123-phptsyKp2-thumb.octet-stream','2012-01-28 17:16:52','0000-00-00 00:00:00'),(231,NULL,123,'guests',NULL,NULL,'s3.amazonaws.com/wedvite-photos','','/123-phptYOJ9A.octet-stream','/123-phptYOJ9A-thumb.octet-stream','2012-01-28 17:17:01','0000-00-00 00:00:00'),(232,NULL,123,'guests',NULL,NULL,'s3.amazonaws.com/wedvite-photos','','/123-php8uG52M.octet-stream','/123-php8uG52M-thumb.octet-stream','2012-01-28 17:17:15','0000-00-00 00:00:00'),(233,NULL,123,'guests',NULL,NULL,'s3.amazonaws.com/wedvite-photos','','/123-phpuWz49V.octet-stream','/123-phpuWz49V-thumb.octet-stream','2012-01-28 17:17:23','0000-00-00 00:00:00'),(234,NULL,123,'guests',NULL,NULL,'s3.amazonaws.com/wedvite-photos','','/123-phpBC7xkk.octet-stream','/123-phpBC7xkk-thumb.octet-stream','2012-01-28 17:17:30','0000-00-00 00:00:00'),(235,NULL,123,'guests',NULL,NULL,'s3.amazonaws.com/wedvite-photos','','/123-phppPtLs6.octet-stream','/123-phppPtLs6-thumb.octet-stream','2012-01-28 17:17:43','0000-00-00 00:00:00'),(236,NULL,123,'guests',NULL,NULL,'s3.amazonaws.com/wedvite-photos','','/123-phpTMUyCR.octet-stream','/123-phpTMUyCR-thumb.octet-stream','2012-01-28 17:17:58','0000-00-00 00:00:00'),(237,NULL,123,'guests',NULL,NULL,'s3.amazonaws.com/wedvite-photos','','/123-phpda8XQH.octet-stream','/123-phpda8XQH-thumb.octet-stream','2012-01-28 17:18:19','0000-00-00 00:00:00'),(238,NULL,123,'guests',NULL,NULL,'s3.amazonaws.com/wedvite-photos','','/123-phpOMF9sr.octet-stream','/123-phpOMF9sr-thumb.octet-stream','2012-01-28 17:18:48','0000-00-00 00:00:00'),(239,NULL,123,'guests',NULL,NULL,'s3.amazonaws.com/wedvite-photos','','/123-phpo8FYUq.octet-stream','/123-phpo8FYUq-thumb.octet-stream','2012-01-28 17:19:39','0000-00-00 00:00:00'),(240,NULL,123,'guests',NULL,NULL,'s3.amazonaws.com/wedvite-photos','','/123-phproG8kf.octet-stream','/123-phproG8kf-thumb.octet-stream','2012-01-28 17:19:48','0000-00-00 00:00:00'),(241,NULL,123,'guests',NULL,NULL,'s3.amazonaws.com/wedvite-photos','','/123-php6sPoFB.octet-stream','/123-php6sPoFB-thumb.octet-stream','2012-01-28 17:20:01','0000-00-00 00:00:00'),(242,NULL,123,'guests',NULL,NULL,'s3.amazonaws.com/wedvite-photos','','/123-phpzMuUoa.octet-stream','/123-phpzMuUoa-thumb.octet-stream','2012-01-28 17:20:13','0000-00-00 00:00:00'),(243,NULL,123,'guests',NULL,NULL,'s3.amazonaws.com/wedvite-photos','','/123-phpNxsvTE.octet-stream','/123-phpNxsvTE-thumb.octet-stream','2012-01-28 17:20:36','0000-00-00 00:00:00'),(244,NULL,123,'guests',NULL,NULL,'s3.amazonaws.com/wedvite-photos','','/123-php0QxQ7B.octet-stream','/123-php0QxQ7B-thumb.octet-stream','2012-01-28 17:20:44','0000-00-00 00:00:00'),(245,NULL,123,'guests',NULL,NULL,'s3.amazonaws.com/wedvite-photos','','/123-phpQ9WDH8.octet-stream','/123-phpQ9WDH8-thumb.octet-stream','2012-01-28 17:20:51','0000-00-00 00:00:00'),(246,NULL,123,'guests',NULL,NULL,'s3.amazonaws.com/wedvite-photos','','/123-phpaEAmof.octet-stream','/123-phpaEAmof-thumb.octet-stream','2012-01-28 17:20:57','0000-00-00 00:00:00'),(247,NULL,159,'guests',NULL,NULL,'s3.amazonaws.com/wedvite-photos','','/159-phprJY3vo.octet-stream','/place-holder.png','2012-02-07 00:15:05','2012-02-07 00:15:05'),(248,NULL,159,'guests',NULL,NULL,'s3.amazonaws.com/wedvite-photos','','/159-phpSvZ6sX.octet-stream','/place-holder.png','2012-02-07 00:15:17','2012-02-07 00:15:17'),(249,NULL,27,'guests',NULL,NULL,'s3.amazonaws.com/wedvite-photos','','/27-phpYGpqfz.octet-stream','/place-holder.png','2012-02-11 09:55:38','2012-02-11 09:55:38'),(251,NULL,164,'guests',NULL,NULL,'s3.amazonaws.com/wedvite-photos','','/164-phpnH7Lr8.octet-stream','/place-holder.png','2012-02-11 17:56:47','2012-02-11 17:56:47'),(252,NULL,164,'guests',NULL,NULL,'s3.amazonaws.com/wedvite-photos','','/164-phpqPPU6H.octet-stream','/place-holder.png','2012-02-11 17:56:55','2012-02-11 17:56:55'),(253,NULL,164,'guests',NULL,NULL,'s3.amazonaws.com/wedvite-photos','','/164-phpfscKTH.octet-stream','/place-holder.png','2012-02-11 17:57:22','2012-02-11 17:57:22'),(254,NULL,176,'guests',NULL,NULL,'s3.amazonaws.com/wedvite-photos','','/176-php9Bp6Gr.octet-stream','/place-holder.png','2012-02-16 18:40:18','2012-02-16 18:40:18');
/*!40000 ALTER TABLE `photos` ENABLE KEYS */;
UNLOCK TABLES;

--
-- Table structure for table `rsvp`
--

DROP TABLE IF EXISTS `rsvp`;
/*!40101 SET @saved_cs_client     = @@character_set_client */;
/*!40101 SET character_set_client = utf8 */;
CREATE TABLE `rsvp` (
  `rsvp_id_seq` int(11) NOT NULL AUTO_INCREMENT,
  `event_id_seq` int(11) DEFAULT NULL,
  `guest_id_seq` int(11) DEFAULT NULL,
  `response` varchar(256) DEFAULT NULL,
  `guests` int(11) DEFAULT NULL,
  `message` text,
  `datetime_created` datetime DEFAULT NULL,
  `datetime_modified` datetime DEFAULT NULL,
  PRIMARY KEY (`rsvp_id_seq`)
) ENGINE=MyISAM AUTO_INCREMENT=7 DEFAULT CHARSET=latin1;
/*!40101 SET character_set_client = @saved_cs_client */;

--
-- Dumping data for table `rsvp`
--

LOCK TABLES `rsvp` WRITE;
/*!40000 ALTER TABLE `rsvp` DISABLE KEYS */;
INSERT INTO `rsvp` VALUES (6,27,566708666,'no',2,'Cant wait. This is going to be fantanstic!','2011-04-12 21:18:34','2011-04-12 21:18:34');
/*!40000 ALTER TABLE `rsvp` ENABLE KEYS */;
UNLOCK TABLES;

--
-- Table structure for table `template_used`
--

DROP TABLE IF EXISTS `template_used`;
/*!40101 SET @saved_cs_client     = @@character_set_client */;
/*!40101 SET character_set_client = utf8 */;
CREATE TABLE `template_used` (
  `template_used_page_id_seq` int(11) NOT NULL AUTO_INCREMENT,
  `user_id_seq` int(11) DEFAULT NULL,
  `event_id_seq` int(11) DEFAULT NULL,
  `template_available_page_id_seq` int(11) DEFAULT NULL,
  `datetime_created` datetime DEFAULT NULL,
  `datetime_modified` datetime DEFAULT NULL,
  PRIMARY KEY (`template_used_page_id_seq`)
) ENGINE=MyISAM AUTO_INCREMENT=176 DEFAULT CHARSET=latin1;
/*!40101 SET character_set_client = @saved_cs_client */;

--
-- Dumping data for table `template_used`
--

LOCK TABLES `template_used` WRITE;
/*!40000 ALTER TABLE `template_used` DISABLE KEYS */;
INSERT INTO `template_used` VALUES (1,1,14,2,'2011-01-19 14:41:59','2011-01-19 15:12:23'),(2,1,15,2,'2011-01-19 15:14:32','2011-01-21 21:32:36'),(3,2,16,2,'2011-01-19 15:15:27','2011-01-19 15:15:45'),(4,2,17,1,'2011-01-26 22:28:20','2011-01-26 22:28:20'),(5,1,18,1,'2011-03-21 13:40:29','2011-03-21 13:40:29'),(20,566708666,33,1,'2011-04-21 00:32:52','2011-04-21 00:32:52'),(19,566708666,32,1,'2011-04-21 00:08:04','2011-10-25 04:09:13'),(18,573228966,31,1,'2011-04-06 02:32:12','2011-04-10 21:16:25'),(14,566708666,27,1,'2011-03-28 02:28:17','2011-11-14 01:23:51'),(16,1772633097,29,1,'2011-04-02 21:34:43','2011-04-02 21:34:43'),(17,573228966,30,2,'2011-04-06 00:30:48','2011-04-06 00:31:43'),(21,566708666,34,1,'2011-04-21 00:39:50','2011-04-21 00:39:50'),(22,566708666,35,1,'2011-04-21 00:39:59','2011-04-21 00:39:59'),(23,566708666,36,1,'2011-04-21 00:40:09','2011-04-21 00:40:09'),(24,566708666,37,1,'2011-07-25 18:58:00','2011-07-25 18:58:00'),(25,3420169,38,1,'2011-08-22 18:08:40','2011-08-22 18:08:40'),(26,502459737,39,1,'2011-08-22 19:13:55','2011-08-22 19:13:55'),(27,502459737,40,1,'2011-08-22 19:33:58','2011-08-22 19:33:58'),(28,566708666,41,1,'2011-08-22 19:35:06','2011-08-22 19:35:06'),(29,502459737,42,1,'2011-08-22 20:11:47','2011-08-22 20:11:47'),(30,566708666,43,1,'2011-08-23 12:45:39','2011-08-23 12:45:39'),(31,566708666,44,1,'2011-08-23 12:47:46','2011-08-23 12:47:46'),(32,566708666,45,1,'2011-08-23 15:13:57','2011-08-23 15:13:57'),(33,566708666,46,1,'2011-08-26 17:55:59','2011-08-26 17:55:59'),(34,566708666,47,1,'2011-08-26 17:56:56','2011-08-26 17:56:56'),(35,2147483647,48,1,'2011-08-30 17:15:46','2011-08-30 17:15:46'),(36,1537999733,49,1,'2011-08-31 10:23:39','2011-08-31 10:23:39'),(37,7303784,50,1,'2011-09-07 12:55:36','2011-09-07 12:55:36'),(38,566708666,51,1,'2011-09-09 02:38:46','2011-09-09 02:38:46'),(39,502459737,52,1,'2011-09-18 22:19:01','2011-09-18 22:19:01'),(40,1559003661,53,1,'2011-09-22 17:41:12','2011-09-22 17:41:12'),(41,702553430,54,1,'2011-09-23 07:03:35','2011-09-23 07:03:35'),(42,655488607,55,1,'2011-09-25 16:47:25','2011-09-25 16:47:25'),(43,655488607,56,1,'2011-09-25 16:47:25','2011-09-25 16:47:25'),(44,2147483647,57,1,'2011-09-28 05:03:37','2011-09-28 05:03:37'),(45,2147483647,58,1,'2011-09-28 05:03:42','2011-09-28 05:03:42'),(46,1429811671,59,1,'2011-09-28 11:25:26','2011-09-28 11:25:26'),(47,566708666,60,1,'2011-10-02 12:37:44','2011-10-02 12:37:44'),(48,1044334056,61,1,'2011-10-02 12:38:02','2011-10-02 12:38:02'),(49,655488607,62,1,'2011-10-02 12:38:05','2011-10-02 12:38:05'),(50,655488607,63,1,'2011-10-02 12:46:27','2011-10-02 12:46:27'),(51,566708666,64,1,'2011-10-02 20:53:19','2011-10-02 20:53:19'),(52,566708666,65,1,'2011-10-02 20:56:05','2011-10-02 20:56:05'),(53,566708666,66,1,'2011-10-02 20:57:34','2011-10-02 20:57:34'),(54,566708666,67,1,'2011-10-02 20:58:20','2011-10-02 20:58:20'),(55,566708666,68,1,'2011-10-02 21:00:08','2011-10-02 21:00:08'),(56,566708666,69,1,'2011-10-02 21:00:21','2011-10-02 21:00:21'),(57,566708666,70,1,'2011-10-02 21:11:59','2011-10-02 21:11:59'),(58,566708666,71,1,'2011-10-06 00:33:40','2011-10-06 00:33:40'),(59,1758828807,72,1,'2011-10-06 23:59:49','2011-10-06 23:59:49'),(60,1072175696,73,1,'2011-10-10 22:44:49','2011-10-10 22:44:49'),(61,1044334056,74,1,'2011-10-12 10:43:53','2011-10-12 10:43:53'),(62,566708666,75,1,'2011-10-12 19:56:35','2011-10-12 19:56:35'),(63,2147483647,76,1,'2011-10-14 12:45:36','2011-10-14 12:45:36'),(64,2147483647,77,1,'2011-10-14 12:46:00','2011-10-14 12:46:00'),(65,564120279,78,1,'2011-10-15 04:03:04','2011-10-15 04:03:04'),(66,1043917288,79,1,'2011-10-17 11:57:15','2011-10-17 11:57:15'),(67,1642411546,80,1,'2011-10-20 13:22:52','2011-10-20 13:22:52'),(68,1040130026,81,1,'2011-10-23 01:24:26','2011-10-23 01:24:26'),(69,564120279,82,1,'2011-10-25 08:49:50','2011-10-25 08:49:50'),(70,564120279,83,1,'2011-10-25 08:49:58','2011-10-25 08:49:58'),(71,564120279,84,1,'2011-10-25 08:50:03','2011-10-25 08:50:03'),(72,564120279,85,1,'2011-10-25 08:50:11','2011-10-25 08:50:11'),(73,564120279,86,1,'2011-10-25 08:50:19','2011-10-25 08:50:19'),(74,2147483647,87,1,'2011-10-28 23:15:56','2011-10-28 23:15:56'),(75,2147483647,88,1,'2011-10-29 14:23:38','2011-10-29 14:23:38'),(76,2147483647,89,1,'2011-10-29 14:23:39','2011-10-29 14:23:39'),(77,2147483647,90,1,'2011-10-29 14:24:17','2011-10-29 14:24:17'),(78,1617025315,91,1,'2011-10-29 23:06:48','2011-10-29 23:06:48'),(79,2147483647,92,1,'2011-10-31 07:49:29','2011-10-31 07:49:29'),(80,2147483647,93,1,'2011-10-31 07:50:57','2011-10-31 07:50:57'),(81,2147483647,94,1,'2011-10-31 07:54:39','2011-10-31 07:54:39'),(82,2147483647,95,1,'2011-11-05 23:58:16','2011-11-05 23:58:16'),(83,2147483647,96,1,'2011-11-05 23:58:47','2011-11-05 23:58:47'),(84,534957441,97,1,'2011-11-06 10:27:41','2011-11-06 10:27:41'),(85,1406077890,98,1,'2011-11-08 03:45:59','2011-11-08 03:45:59'),(86,1419406156,99,1,'2011-11-09 16:18:29','2011-11-09 16:18:29'),(87,539120308,100,1,'2011-11-11 04:33:40','2011-11-11 04:33:40'),(88,2147483647,101,1,'2011-11-20 00:30:22','2011-11-20 00:30:22'),(89,2147483647,102,1,'2011-11-20 02:13:20','2011-11-20 02:13:20'),(90,524847039,103,1,'2011-11-21 23:40:48','2011-11-21 23:40:48'),(91,30307528,104,1,'2011-11-26 02:20:29','2011-11-26 02:20:29'),(92,1320909789,105,1,'2011-11-27 13:54:32','2011-11-27 13:54:32'),(93,798165424,106,1,'2011-11-30 08:04:47','2011-11-30 08:04:47'),(94,753877658,107,1,'2011-12-01 16:38:12','2011-12-01 16:38:12'),(95,506722166,108,1,'2011-12-03 01:24:07','2011-12-03 01:24:07'),(96,1174788935,109,1,'2011-12-14 22:37:04','2011-12-14 22:37:04'),(97,2147483647,110,1,'2011-12-18 17:40:53','2011-12-18 17:40:53'),(98,2147483647,111,1,'2011-12-18 17:41:16','2011-12-18 17:41:16'),(99,2147483647,112,1,'2011-12-18 17:44:58','2011-12-18 17:44:58'),(100,2147483647,113,1,'2011-12-18 17:46:24','2011-12-18 17:46:24'),(101,1646303878,114,1,'2011-12-18 18:09:12','2011-12-18 18:09:12'),(102,670130607,115,1,'2011-12-22 17:13:36','2011-12-22 17:13:36'),(103,602514169,116,1,'2011-12-28 17:09:46','2011-12-28 17:09:46'),(104,1781635808,117,1,'2012-01-02 00:29:25','2012-01-02 00:29:25'),(105,2147483647,118,1,'2012-01-02 19:41:55','2012-01-02 19:41:55'),(106,2147483647,119,1,'2012-01-02 19:42:30','2012-01-02 19:42:30'),(107,2147483647,120,1,'2012-01-02 21:04:10','2012-01-02 21:04:10'),(108,1082454201,121,1,'2012-01-03 13:31:04','2012-01-03 13:31:04'),(109,1516350048,122,1,'2012-01-07 00:12:41','2012-01-07 00:12:41'),(110,555725617,123,1,'2012-01-08 01:35:01','2012-01-08 01:35:01'),(111,2147483647,124,1,'2012-01-09 00:40:42','2012-01-09 00:40:42'),(112,2147483647,125,1,'2012-01-09 00:40:58','2012-01-09 00:40:58'),(113,2147483647,126,1,'2012-01-09 00:42:00','2012-01-09 00:42:00'),(114,2147483647,127,1,'2012-01-09 18:14:28','2012-01-09 18:14:28'),(115,2147483647,128,1,'2012-01-09 18:14:57','2012-01-09 18:14:57'),(116,2147483647,129,1,'2012-01-09 18:14:57','2012-01-09 18:14:57'),(117,2147483647,130,1,'2012-01-09 18:16:52','2012-01-09 18:16:52'),(118,2147483647,131,1,'2012-01-09 18:23:47','2012-01-09 18:23:47'),(119,2147483647,132,1,'2012-01-09 18:24:11','2012-01-09 18:24:11'),(120,2147483647,133,1,'2012-01-09 18:25:35','2012-01-09 18:25:35'),(121,2147483647,134,1,'2012-01-09 18:25:42','2012-01-09 18:25:42'),(122,41101632,135,1,'2012-01-10 15:28:19','2012-01-10 15:28:19'),(123,2147483647,136,1,'2012-01-11 06:11:25','2012-01-11 06:11:25'),(124,2147483647,137,1,'2012-01-11 06:11:35','2012-01-11 06:11:35'),(125,2147483647,138,1,'2012-01-11 06:11:58','2012-01-11 06:11:58'),(126,2147483647,139,1,'2012-01-16 11:37:21','2012-01-16 11:37:21'),(127,501342201,140,1,'2012-01-18 00:14:41','2012-01-18 00:14:41'),(128,512962711,141,1,'2012-01-19 06:23:16','2012-01-19 06:23:16'),(129,1816556086,142,1,'2012-01-22 19:01:13','2012-01-22 19:01:13'),(130,13729810,143,1,'2012-01-23 14:38:57','2012-01-23 14:38:57'),(131,1253190064,144,1,'2012-01-24 02:00:38','2012-01-24 02:00:38'),(132,1073508559,145,1,'2012-01-24 11:24:45','2012-01-24 11:24:45'),(133,1726249601,146,1,'2012-01-24 23:31:51','2012-01-24 23:31:51'),(134,2147483647,147,1,'2012-01-27 00:11:41','2012-01-27 00:11:41'),(135,30402479,148,1,'2012-01-31 23:12:10','2012-01-31 23:12:10'),(136,2147483647,149,1,'2012-02-06 11:09:55','2012-02-06 11:09:55'),(137,2147483647,150,1,'2012-02-06 11:10:07','2012-02-06 11:10:07'),(138,2147483647,151,1,'2012-02-06 11:10:24','2012-02-06 11:10:24'),(139,2147483647,152,1,'2012-02-06 11:11:30','2012-02-06 11:11:30'),(140,2147483647,153,1,'2012-02-06 11:11:30','2012-02-06 11:11:30'),(141,2147483647,154,1,'2012-02-06 11:12:18','2012-02-06 11:12:18'),(142,2147483647,155,1,'2012-02-06 11:13:57','2012-02-06 11:13:57'),(143,2147483647,156,1,'2012-02-06 12:25:08','2012-02-06 12:25:08'),(144,2147483647,157,1,'2012-02-06 12:26:37','2012-02-06 12:26:37'),(145,48610517,158,1,'2012-02-06 22:22:38','2012-02-06 22:22:38'),(146,618653972,159,1,'2012-02-07 00:10:17','2012-02-07 00:10:17'),(147,2147483647,160,1,'2012-02-11 04:26:28','2012-02-11 04:26:28'),(148,2147483647,161,1,'2012-02-11 04:26:49','2012-02-11 04:26:49'),(149,2147483647,162,1,'2012-02-11 04:27:23','2012-02-11 04:27:23'),(150,1206522338,163,1,'2012-02-11 09:57:13','2012-02-11 09:57:13'),(151,1206522338,164,1,'2012-02-11 10:01:09','2012-02-11 10:01:09'),(152,2147483647,165,1,'2012-02-11 10:07:52','2012-02-11 10:07:52'),(153,2147483647,166,1,'2012-02-11 10:08:10','2012-02-11 10:08:10'),(154,2147483647,167,1,'2012-02-11 10:08:28','2012-02-11 10:08:28'),(155,2147483647,168,1,'2012-02-11 10:09:06','2012-02-11 10:09:06'),(156,2147483647,169,1,'2012-02-11 10:10:22','2012-02-11 10:10:22'),(157,2147483647,170,1,'2012-02-11 10:14:44','2012-02-11 10:14:44'),(158,2147483647,171,1,'2012-02-11 11:20:54','2012-02-11 11:20:54'),(159,2147483647,172,1,'2012-02-11 11:21:18','2012-02-11 11:21:18'),(160,2147483647,173,1,'2012-02-11 11:21:58','2012-02-11 11:21:58'),(161,2147483647,174,1,'2012-02-11 11:22:41','2012-02-11 11:22:41'),(162,1624226477,175,1,'2012-02-16 12:42:26','2012-02-16 12:42:26'),(163,1346889370,176,1,'2012-02-16 18:39:09','2012-02-16 18:39:09'),(164,7701848,177,1,'2012-02-17 23:01:07','2012-02-17 23:01:07'),(165,585480032,178,1,'2012-02-19 00:21:04','2012-02-19 00:21:04'),(166,1247555409,179,1,'2012-02-19 22:32:29','2012-02-19 22:32:29'),(167,1313457330,180,1,'2012-02-26 10:47:21','2012-02-26 10:47:21'),(168,2147483647,181,1,'2012-03-06 14:08:01','2012-03-06 14:08:01'),(169,2147483647,182,1,'2012-03-06 14:18:42','2012-03-06 14:18:42'),(170,2147483647,183,1,'2012-03-06 18:56:19','2012-03-06 18:56:19'),(171,576047543,184,1,'2012-03-08 17:19:37','2012-03-08 17:19:37'),(172,1121989716,185,1,'2012-03-11 18:35:13','2012-03-11 18:35:13'),(173,1073829254,186,1,'2012-03-13 20:10:44','2012-03-13 20:10:44'),(174,2147483647,187,1,'2012-03-16 21:24:01','2012-03-16 21:24:01'),(175,2147483647,188,1,'2012-03-16 21:24:48','2012-03-16 21:24:48');
/*!40000 ALTER TABLE `template_used` ENABLE KEYS */;
UNLOCK TABLES;

--
-- Table structure for table `templates_available`
--

DROP TABLE IF EXISTS `templates_available`;
/*!40101 SET @saved_cs_client     = @@character_set_client */;
/*!40101 SET character_set_client = utf8 */;
CREATE TABLE `templates_available` (
  `template_available_page_id_seq` int(11) NOT NULL AUTO_INCREMENT,
  `name` varchar(256) DEFAULT NULL,
  `description` text,
  `datetime_created` datetime DEFAULT NULL,
  `datetime_modified` datetime DEFAULT NULL,
  PRIMARY KEY (`template_available_page_id_seq`)
) ENGINE=MyISAM AUTO_INCREMENT=3 DEFAULT CHARSET=latin1;
/*!40101 SET character_set_client = @saved_cs_client */;

--
-- Dumping data for table `templates_available`
--

LOCK TABLES `templates_available` WRITE;
/*!40000 ALTER TABLE `templates_available` DISABLE KEYS */;
INSERT INTO `templates_available` VALUES (1,'Default','Basic Template','2011-01-19 14:33:28','2011-01-19 14:33:28'),(2,'Blue','Basic Blue Template','2011-01-19 14:33:29','2011-01-19 14:33:29');
/*!40000 ALTER TABLE `templates_available` ENABLE KEYS */;
UNLOCK TABLES;
/*!40103 SET TIME_ZONE=@OLD_TIME_ZONE */;

/*!40101 SET SQL_MODE=@OLD_SQL_MODE */;
/*!40014 SET FOREIGN_KEY_CHECKS=@OLD_FOREIGN_KEY_CHECKS */;
/*!40014 SET UNIQUE_CHECKS=@OLD_UNIQUE_CHECKS */;
/*!40101 SET CHARACTER_SET_CLIENT=@OLD_CHARACTER_SET_CLIENT */;
/*!40101 SET CHARACTER_SET_RESULTS=@OLD_CHARACTER_SET_RESULTS */;
/*!40101 SET COLLATION_CONNECTION=@OLD_COLLATION_CONNECTION */;
/*!40111 SET SQL_NOTES=@OLD_SQL_NOTES */;

-- Dump completed on 2012-03-18 19:39:30
